customerName,customerId
Tata Chemicals Limited,8b9289f9-3d29-4824-8655-96b2a9c653f6
TIBREWALA ELECTROMECH PVT LTD,1be04784-c9b9-4d61-8e47-10bbbae3a3d0
TACTIVE SOFTWARE SYSTEMS PRIVATE LIMITED,7e2eeedf-390e-4643-99cf-e51457f580e9
Stream Advertising,64d57f08-bdd5-4097-8d70-bb99f58feb65
Krijay Technologies Private Limited,a8b275a1-dd0b-41c5-91cc-c8bf1d950f83
Triniti Advanced Software Labs Pvt Ltd.,01fe7819-b5a2-4755-b3db-7dc31178f602
Default Directory,195d5859-7b88-475e-888f-429597b9160e
Seertree Global Services Pvt. Ltd.,d6a54750-2e86-4d95-8dce-6624db1fe568
BTPL India,6df8acfa-4eed-4b14-bff9-f896542c409a
Lesconcierges Services Pvt Ltd,6c367f86-1e70-4f8a-9f56-7d35e0b384b3
Stanra Tech Solutions Pvt Ltd,34a37d3e-a06c-4d49-84dc-67f6344342c1
World Wide Xpo,69bb27c2-5c75-428c-b849-6cbdba56a4e7
Tridhya Intuit Private Limited,70fa24fd-4b1b-4b45-83b2-4660c0beb942
BEMAHIKA TECH PRIVATE LIMITED,3dcce0c2-b1e6-4130-8b4e-c99f83f0a4a8
Default Directory,3fa43bbd-2c24-4574-bffa-7db110894d94
CLOUDPERITUS (INDIA) PRIVATE LIMITED,e9ff19c4-3b67-4531-a01f-2e58e25ec034
VRC Plastomould,4cc6f737-e76b-4571-92b0-500232374b52
VeARC India Pvt. Ltd,c219b6e3-8d5e-4584-8819-273b0ce3dad2
Fasta Pizza Private Limited,bae62f87-7961-440b-995f-27d81e2af369
NS Polyglobe,06298ea5-52cf-42e1-affe-963be432f36f
Maxdatsys Technologies,2c5bf736-cc61-4fe5-86cc-0fee695d3ff2
ISOQAR INDIA PRIVATE LIMITED,f71fa5d8-c943-47d7-a01a-b70ba35d53a6
INTUITOR SOFTTECH SERVICES PVT LTD,41040dbb-af5d-497a-b83f-96e486053d1e
Process Point Technologies.,b3879073-4a0d-4202-add3-045b1fd96d01
Virtual Guru Vidyapith Pvt. Ltd.,0704b5e1-065d-43e0-b7d6-2c0f4777e1f8
NICE FOUNDATION,545dad2c-a557-41c6-9196-161d1d18215d
OSTRACA,bec28d4c-5ce6-417c-adf7-46f3440605f7
Opcito Technologies Private Limited,7cad185a-c463-46e3-ae25-fec131d6f066
Jesvid Cryo Technologies Pvt.Ltd,2b791c6d-e4d7-49d2-a421-c07e4e40954d
Church Street ESolutions Private Limited,b7861a97-9d15-4673-9ea6-832d85dc23c1
koide india pvt ltd,31c37d47-7603-4f19-b5a1-8e0c70277a9d
Hostack Software India Private Limited,bd011879-b4e0-48c6-8104-d4ce49b3a164
TAC Security,c9c5b89e-8ca7-4778-895e-24f9815c9636
Tandon Holding Limited,1a7e2ec9-5456-455c-bafa-46e0257078bf
Forekor Technologies Private Limited,8271a789-dbef-4324-9b31-9c842f57b7fb
C. R. Narayana Rao (Consultants) Private Limited,ab1c50ad-954d-4374-8980-af0c21358bab
Dandu Biosciences Pvt. Ltd,60f65e29-b26b-44c6-997c-3cb2fe7349e6
HEALTH QUADRA (OPC) PRIVATE LIMITED,e884ea9f-c8b6-48f7-8aaa-4b3ad856a017
Star Electronic Concepts,0bd18d1d-3d47-4127-8b4f-db68697b084e
Iteanz Technologies India Private Limited,7012b1f4-3d26-4bae-b025-2ed99d63e17b
EQUENTIA SCF TECHNOLOGIES PVT LTD ,2a7748a4-0c45-41df-bac4-eacf60315381
COREVISION TECHNOLOGY PRIVATE LIMITED,ef086e77-ac5e-41a9-85b6-c6251fe88606
Yulu Bikes Private Limited,2346db05-55f6-4172-acd7-827da0d5129e
Eoroe,56097f79-ff6c-461f-a378-ffc322553bbf
Elemec Industries,d5f43864-1431-4c6d-9083-65614e8ea518
INFINITE IDEAS INTERIORS,32f9d909-6b93-493e-ad0c-de0cddeab84c
Foray Software Pvt Ltd,43395c3e-c5d5-47cb-9d71-c5ec7b33984a
Pilog India Private Limited (Integral Data Analytics),50324121-0f0f-4bbc-908a-48b45c0cf25a
ClickAway Creators LLP,0c49a4c7-3efc-4539-a2ee-41aaa5958191
EHook Systems Private Limited,23fe6538-3cba-4732-83eb-969e071634fd
Jinactus Consulting Private Limited,6a897ee8-a15b-4bda-9a74-a425e6521d90
GOIND FINANCE LIMITED,6ef4b9da-678c-4d17-8772-6e7d074f58cd
FAST FOODS-FOOD AS THERAPY,898d05ac-a7e0-41bc-a5fa-e420f502dfdc
Petroskids Engineering Services,6fd608d7-acc0-4716-8a0c-6d364d7321a6
Unisis Systems And Solutions (India) Pvt Ltd ,f44e3ffd-9b3e-4eb0-b5ef-9a8a75a91dbd
RT Consulting,ad98f241-6082-4125-a770-8014f1ca64ab
Bitejoy foods,a6a27f6a-1e15-4012-b209-9069222fa37d
Adjoint Technologies Private Limited,9529b883-9bbe-4e5f-8f4a-215818a823b1
RISE AND SHINE CONTRACTING LLP,6c1cf484-37a4-4c55-9997-d459278fe075
Sapien Biosciences Private Limited,c6966b0c-e75b-4c30-8a83-faf9d6d4e276
BAIN GLOBAL RESOURCES LLP,f7b8b771-2fd6-4ddb-abe7-84ecaec43274
SRIT INDIA PRIVATE LIMITED,b84b0a45-88c4-4da1-92cf-efb84298395a
RIGA FOODS LLP,fb5d878e-17e4-4f9e-b193-8f350dbb0ab3
TechO2 India Pvt Ltd,0742f5db-9579-411d-b467-50b011256237
SMRTHUB PRIVATE LIMITED,5e875b28-0368-418f-a7d2-3c4ff9104d97
nercsol.com,f28fde83-2d8d-42de-80e1-5db728e79608
Coffor Construction Technology Pvt. Ltd.,a755d5a3-cce3-4542-96a4-7553d37b9795
Mount Meru India Private Limited,e0ddfc04-1a1b-49a8-b49b-1219cbce3a12
"ABAL Technologies, Inc",f2c85d6a-62db-46d1-b951-74f01f761c62
Ama Travels Services,6bf5d35b-aa9c-4dfd-bc9c-d8ed9f513605
Green Turtle Gaming Technologies Private Limited,ec0945cb-4579-4675-b109-84bcf18e584d
Aapkapainter Solutions Pvt Ltd,b05d8285-01a8-496a-9ee6-b0440e69121c
Itellisecure Pvt Ltd,f3097a84-4ace-4324-afa1-677fc1a0269b
Flink Analytics & Insights Pvt. Ltd.,2753c366-f28b-473d-8edb-8bfa38122738
Nutridose,382f2d38-e8ca-4a7c-b092-482bb40b8d12
Stargatefitout,0cee7365-f06b-4b17-b738-1fa7a06abdd5
Blupace India Pvt Ltd,4e7e35b0-ec14-4957-b781-08c7084686ed
SANKALP PLACEMENTS INDIA LLP,936ac3ec-affd-4dac-a334-bf7592099031
Vamshikrishna K,d34463a2-2bef-44d2-b368-4345a8c639fc
Poonam IT Consulting Services Private Limited,c1cfb927-ffe1-46f6-8528-525e9eec8be5
Kalloor Electronics and Lighting Pvt Ltd,48fb947f-4844-4f9f-b0af-6d4c394838a1
Nablasol Digital Services Pvt. Ltd,f75fd5f6-a53e-4609-9f4f-7c136f2e5192
Hocon Technologies India Pvt Ltd,91ef69d1-4954-47c4-8129-49d7dd78be2b
SUPERNAL INFOTECH PRIVATE LIMITED,02dd6b24-0b87-456a-b7de-c34818d86755
KANTHERI Consulting Pty Ltd,e852a041-4880-46b2-9abe-cd3deae4b2ed
aquilasoftware.com,3ca74a86-126a-42ca-8ba9-150f68b1fa72
Recorp Global Services Pvt Ltd,2d6ebee9-8ab9-454c-a108-24b93b00c9c6
NOVASTRID IT VENTURES PRIVATE LIMITED,4075ee8c-f28e-41f4-a931-a27464c942a6
Alliant Technologies,1adb8d3f-7237-43e5-a428-19cba4eefcec
Propel Technology Group,a8df62d0-eea9-44ce-b4a2-65baa6380fe4
vCentriCloud Service,33b4e102-7a36-4499-a7d0-4e90a1f1f9ac
Cloud Fulcrum India Private Limited,bb612c49-03be-4da1-9974-49f0c8704eb8
MOUNT MERU INDIA PRIVATE LIMITED,36e4257d-9227-49a5-96b8-f4b2ad28e8bc
Krijay Technologies Private Limited,eadca27c-2765-4298-ac99-0fa9b16f9c29
R & M INFRASTRUCTURE,486f361e-20de-4e00-87e5-47b9b9b52a8a
Kayoma Trading Pvt. Ltd,046b18a8-d449-4824-80c0-61f56692514a
iLenSys Technologies Private Limited,ac7a9f9c-24b9-4e86-98ec-e26905ac758d
Zluri,ff4975bd-04f5-4438-9cdf-1db944df4fa3
Tatva Legal,2338007a-268c-4368-9355-a612e1015860
mafclothing.com,712b62b6-d8f0-4c72-8aab-51ebbc13003d
Excel Industrial Packagings Pvt Ltd,01d4029b-ac2e-48db-9008-220f92749703
Synthesis Solutions LLP,76d5d933-2ddc-40cb-a89f-0c4cd5964319
Simplilearn Solutions Private Limited,c3f7cc15-d4ca-47bc-b473-130e34e9e706
CFR Rinkens,0f940520-4914-4c04-9880-09e36f254607
Ncourage Social Enterprise Foundation,b67412ef-1889-4dc8-bddd-738df7f1d059
Appcilious Private Limited,b9c072cd-b8e1-4ef4-9c90-63c586049dfb
Goldstone Technologies Limited,a21fb5ca-d2bd-4ebb-b624-dc91a41aec88
ATC Online LLP,6383834a-cd30-42d9-85eb-11a5cac5e967
Innovation IT Solutions,d69fd9d5-b000-49b5-b8f7-5591f21c0f89
Reliable Fashions India Pvt Ltd.,e10ecc39-e13b-4cc7-a7e9-a7f8b6e5721b
Rydot Infotech Pvt. Ltd,b6314c72-0369-4c22-8b1d-3875f89d952b
Vector India Pvt Ltd,ec068de5-c079-4692-9e9a-62d63332ad65
COEXLION PRIVATE LIMITED,fdc5747b-eaed-439e-9ff1-4d5d13074c72
Maventic Innovative solutions Private Limited,21ca924c-9299-4e89-a854-60a5e1f59343
Bodhtree Consulting Limited,8e798093-a1fa-454c-b6d1-12e4b18168b3
Hibiz Solutions and Consultants,7ba118fb-fa31-45b6-918a-24dd21e641db
ATC Online LLP,de4a7d22-8278-420d-a7bc-2dbd213ef2a5
Studio Parametric architects (India) Pvt Ltd,4c75d0ca-6dc7-4b64-8c2f-080c49a8ceae
Anxilla,b058d3be-6f6a-406c-bab2-bdf9aff6eeb5
Krijay Technologies Private Limited,11b502b1-1c02-4642-b87a-cd6da68556a1
Aquil Media,d9c3e67a-7221-402f-8b95-b063b6967dfc
Gurutwa Infotech Private Limited,9c042c7d-66d4-43d4-928d-131abb340587
MOUNT MERU INDIA PRIVATE LIMITED,24067079-ff6a-4c4e-a5de-7c5ac7ddf4d8
SysCAD Engineering Pvt Ltd,caba9172-8743-43a5-9abb-a0165c087343
BRIJ RAJ MOTORS (P) LTD,dea6265e-1140-49f7-bec3-d14630457613
General Manufacturing corporation,e00e3497-df91-4c9e-b762-864c16b3d132
Sukino Healthcare Solutions Pvt. Ltd,44df5d58-d3b7-430f-88f2-39b781789225
ADITYA PARK HOTEL,c427fb46-58b8-463f-ba1d-54be8cfa49da
TMSFIRST,190f331f-9a12-49f1-86d4-e2236d49804b
Matdun Labs India Private Limited,8567b904-c1e3-4510-8d5a-1d9ae8a7e1b7
New India Finvest Pvt. Ltd,3c16e140-8ac7-4259-929c-7814b3329dee
Naprod Life Science Pvt Ltd,44e27690-1d9d-4de0-9e3c-88afb7e8fb63
Rivardynamics,1f2c59ba-3d04-403d-aa29-fa93631ff8d2
"Jain Vicky & Co., Chartered Accountants",b03833d5-1303-4a0c-a221-f63b9026a965
Vestrics Solutions Private Limited,01384a9c-6858-43f0-921c-389974016c80
Med Clad,4baeaf7c-90ad-41df-a988-47770f4228f2
Movell Solutions,fce18682-891b-4f69-af33-ce78f3b8f411
Tatva Legal,04ef952a-d3ab-467d-ae80-e5789bd8cbb8
95 Techno,480fca7d-8a76-475e-a12c-a1cb37b3cc65
Mount Meru India Private Limited,fde3de8b-c506-4d28-974e-01edfbf8dfc3
Clustrhub Computing India Pvt. Ltd,d35dc3ea-d9f7-4a05-a3f2-453f5e6a7e29
CloudFulcrum India Private Limited,bb612c49-03be-4da1-9974-49f0c8704eb8
TechRobots Inc,bf69e7f5-a820-465b-9f07-7bccda1d4de7
Blubirch,6e8a1d58-b415-49f3-8036-aa970787e57a
Midas Management and Research,e6bd6cbd-5bbc-46f9-b7f6-315072511a61
Pellets Pharma Limited,bcb372de-9455-47a6-8eaa-20781d161d26
J V N & Co LLP,b03833d5-1303-4a0c-a221-f63b9026a965
LEAD RETRIVAL SERVICE,a63b5174-5b82-48a1-a4a3-0105040a5d19
DYNAMIC CODE SWITH,cef6b0c0-451f-4ee8-882d-f5b1e8eb4dfa
QA EDUCATION SOLUTIONS PRIVATE LIMITED,e1c04985-a9ee-4d33-bfe8-59ac7bf128e8
20Cube Logistics Solutions Private Limited,7c719e03-ae8e-4662-8924-7930e384b76b
Baghirathi Travel Solutions Private Limited,8d82ff7b-2002-40d9-a7e2-15e92d8d3d45
Eldershelf Retail Private Limited ,49c56393-7637-4a10-8418-6e02106fa03c
Q One Services,be733096-f969-4ba5-84a7-c3fd644715f8
Eram Power Electronics Private Company,2a0c0822-380f-431f-9f0c-e8f80a48d536
AMN Lifescience Pvt Ltd,a3a5d917-12bb-4d32-98ee-2ed650152c31
VENTURESATHI BUSINESS SERVICES LLP,f52f5987-c652-4aab-a939-bf8d0eee9958
Best Apps Business Solutions Pvt Ltd,9d3c49d7-dc9e-44e4-918a-bf924eb68c39
POLYMATECH ELECTRONICS PRIVATE LIMITED,4fbbaafa-658c-4d28-9bef-d371b5e79dc7
Uttam Blastech Pvt Ltd,a494a44a-eff1-4539-a7b0-b72e2836536c
Bellala and Raghavendra,52b94fc6-dcea-4ff4-bc93-1ed6ff97034b
Worivo Advisors,eaed316e-201f-4727-bd27-c29c17344822
SANGUINE SUPPLY CHAIN SOLUTIONS LLP,24ae6f40-110a-4c96-9072-6e10ef4913a1
PANJI ENGINEERING PRIVATE LIMITED,b1a8bd4e-2a92-43e2-8d42-cab5832ff379
Sanjay Wood Packers Pvt Ltd,a5c8bca9-4e06-4d8e-a970-ad730c496f20
Pennywise Solutions Private Limited,28daf73d-021c-4763-9302-44fd8f8f032f
Randhawa Construction Private Limited,5c7f619a-4bc1-490f-82a6-9cf1a3255813
NOVA GRAPHICS LLP,421eacef-c66a-49b8-9896-6c38676f2f4a
Indiyum Foods Pvt. Ltd,41a17981-ef53-42eb-9359-03b585a05b81
ACRANNOLIFE GENOMICS PRIVATE LIMITED,a79ee615-e9bc-4b2f-8067-fd2574e45b48
RAO AND PRADEEP,d52d9d41-cc63-40fd-876f-c60c6715f8d5
Fertis India Private Limited,5ce8a875-1057-4b7f-8460-177db446e588
QUADRILLION FINANCE PRIVATE LIMITED,36d38ca7-efa5-484d-ad5c-414f69a61254
Centre For Good Governance,6dbb47a6-e717-47a5-9d80-384de4606341
Master Tax Accounting Services LLP,eadca27c-2765-4298-ac99-0fa9b16f9c29
Sharechat,6bcfd823-ea42-4b31-8dbf-c48748040e6c
Leiutis Pharmaceuticals Pvt. Ltd,5b4d32e7-5c25-48ec-8ad4-769d5ecf2f93
Tejora Private Limited.,8fa13ba4-5080-4e93-b14d-5a3f469d2e6d
D-Proc,629bacc8-4dab-472e-9969-c133d3ea05c3
"J V N & Co., Chartered Accountants",b03833d5-1303-4a0c-a221-f63b9026a965
FREIGHT MODAL SHIPPING AND LOGISTICS PRIVATE LIMITED,80706d7e-5e7f-4257-bdce-6379b90ece0f
Center For Safety Training,167d6905-221f-41a7-b9f0-9ad6c614ecc1
Alekas Solutions Private Limited,0bd62395-468a-4c07-95aa-35c1cd3b0abd
Peninsular Maritime India Pvt. Ltd.,d7ae9c58-7717-41a9-ab9a-c23ecde2d34f
Gretel Network Of Aircrafts & Turbine Engines Aviation Pvt Ltd,b9c1a449-ce1e-4b3f-82ed-e8110abbe5c1
TRDFIN Support Services Private Limited,b7074539-f392-47c7-abae-af989427bc50
Retrofitting & Repair Consulting Services Pvt Ltd,e9d6cd42-0185-46d5-8ec3-6f371b39a17f
Hedge & Sachs,b0d6f1d6-bbdf-4228-9ae6-a1f7a3dde4c6
Value Relay Private Limited,d80f4856-6e03-4334-80c1-d05526f728f6
Avniro Technologies PTE LTD,e4e0f1de-d9b6-4dc3-9f95-f94d4489ab33
Market Mirror ,89b31467-e606-445f-aaa0-519ebb50410f
Ladida,8e263538-65ba-4ce0-a9d5-ca0b2bff8410
Quest InfoTech Solutions,e7971990-0829-4328-9e7f-f41300d4a5b2
COUNSELINDIA SERVICES PRIVATE LIMITED,437f99cc-7708-4608-a8fe-93d4eb5b48e5
OneZeroOne Technologies (OPC) Pvt Ltd,4dcc125d-8f3c-46ef-8dc1-56623a8016a9
CHN TECHNOLOGIES,81ab85ba-d27a-4f02-a25a-216ba42daa77
A S AMARANATH & CO.,de780cb9-c840-4487-9db5-dbf74043e690
Asfath Ahamed,f5d98626-370c-49d7-8632-b7856ef89726
vCentriCloud Service,b3c1c149-7eac-4058-b686-48f6ea6548ba
ASTRA OVERSEAS EDUCATION CONSULTANCY PVT LTD,97394fee-93b1-4849-b578-368d501fbd7c
CreativeXperts Consulting Private Limited,e852a041-4880-46b2-9abe-cd3deae4b2ed
Smart Building Engineering,c136cbfe-3e24-4d55-b0b8-d95a9682cf2c
Tranquil Web Solutions,ec34e25a-adf0-46be-9262-021949e07b27
Raman Solutions,9205680a-8883-4fdf-a531-31301eb8fadd
Channelsoft IT Services Pvt Ltd,64f49650-fb4e-4fe8-9b8e-346049b4c66f
Dyota Dance Arena,c2c536b2-1caa-4432-921f-47c299053ea9
RAAS INFO SOLUTIONS PRIVATE LIMITED,4b07d103-d00d-4685-9945-9d05d86a2b44
Go Digital Path,82c35a46-fd26-44d3-ab93-8e3d84e44ffb
Ignitz Solutions Private Limited,2688b3a6-db0c-404e-b04f-19b7ec8806bb
DeDote,b11e02ad-d371-4f5b-8cef-f2346c4c35a2
Epixel Web,e227a107-2239-40d3-9b86-9c463cebdde0
YOKOHAMA INDIA PRIVATE LIMITED,7479bd66-76ba-4f37-b420-1f22ca9bb722
trin.co.in,647bebba-1322-4348-9507-0932b989da7c
ICAR-National Academy of Agrcultural Research Management,80d683dc-62ab-44fb-974b-5defaf207be0
Spell Consultancy Services,8bf8dceb-edd1-4198-9610-8a209fe7302f
Silvo Cale Techno Private Limited,6f84e204-9ce0-4c52-994b-d4cd9b8a432c
Melody Studios,928c26dc-d42d-41a7-a7a9-0d6a2453fe1a
Onezeroone Technologies Private Limited,79e5cf11-beb5-48b7-a24d-5aa14a9ea9fd
Skalence Technologies,d6e07dd9-0c93-47d8-adf5-7f1e8c6f8394
CHN TECHNOLOGIES,65827ef6-0822-4c14-a7ca-5b1114ce8b7f
Biba Apparels Pvt Ltd,2304b266-8fea-47d5-b923-c34055290745
TRDFIN Support Services Private Limited,33805c0f-c981-46ad-b0fc-90b761514f7e
PAISAPLAN FINANCIAL SERVICES PRIVATE LIMITED,0ab43d13-be94-443a-9257-6dfc072df467
trroyls.in,e7067c36-169b-45f5-bc6a-130d12a958b5
pressfitindia.com,472b5699-5cb4-47b8-8ea4-4b474599aaf3
Nitya Software Solutions Inc,ada8f7d6-a4c9-4d8e-9ac5-744da359793d
Crown Magnesium,627ecd83-b17d-4a79-9023-0ad7aa9b7e1d
P.B.L TRANSPORT CORPORATION PRIVATE LIMITED,5a55ae01-a585-4c93-8221-d3a7ec488ee9
LOGITRAD,dd9820b0-f3ee-40db-9de4-803ab9c021ca
INSOFE Education Pvt.Ltd.,89bd71aa-1534-469d-a7ce-887df7a3487a
Raw Edge Industrial Solutions Limited,2e01698f-833f-48d6-b52f-25370304a6df
Renaatus Projects Private Limited,49afc7fb-433c-425f-b0d6-cb81544081f8
Mount Meru India Pvt. Ltd.,3ee3de65-e823-4509-bc25-ddb1b7d17c81
Laxmi Infobahn Private Limited,02c4457a-a5d2-4c87-8d55-236936fadd37
Mount Meru India Pvt. Ltd.,a39a820d-8e7b-4f67-99e4-a603d6932fe1
Mount Meru India Pvt. Ltd.,5c30478e-e939-4888-a8e7-664f5bef7165
Aisin Automotive Karnataka Pvt Ltd,b4b3770e-e1ac-4df8-a50c-f13b12767e68
Mount Meru India Pvt. Ltd.,b079e5b7-39b1-44e6-a3df-3ad75d27749f
Pixelonicmedia llp,b9d10a00-6e5a-4a87-b0b3-f0df7a3ac351
ITISH Business Solutions,ba832f38-d35f-4863-ba4f-81f595fae927
MainStay People Consulting LLP,f293b4a7-98fb-49ce-a8ce-e462488a8b8f
Browser Contacts,b6ec5dc9-485d-417a-ac0b-3908c728fa84
Gavan designs,1b2a5919-5ac1-4f41-8687-a2d2b3a4dac0
BASIL BIOSOLUTIONS,348779c1-1fae-415f-a60e-bc6db11476b5
Brochill internet pvt Ltd,db1b77a2-f00c-436b-9305-2a5b5b44fb44
ATC Publishers LLP,6383834a-cd30-42d9-85eb-11a5cac5e967
ITCC,aefe51b0-2009-4c72-987d-03988faf99d6
PATEL & GUPTA CA,5353f6f0-6961-4cce-ad9b-d18e121fd318
i2TECHLABS PVT LTD,86516e24-ab00-4219-81e2-8a68f48ade6b
MyStarCloud Solutions,f4eeb87b-766f-41e1-9ddd-5169ff2e036c
Maha Sagar Mayur Pasalapudi,ff313fd2-564a-45b6-b63b-123b2786d89e
    Jupiter  Lifeline Hospital Ltd,b0e0b885-4ecd-4b44-a47c-2fb061d9ea7f
"Ceremorphic, Inc.",adeafed9-d7d2-42f5-86d1-022e3b0a0d9e
Go Digital Path,45fc4457-a5c8-4442-81e8-7df89a49648f
Al- Wadud foundation and charitable trust,f0f09f87-8d88-4c63-896f-f1d96e6c7b6c
Enhanced Revenue Solutions,e7eb2b37-9b8e-42b7-abf1-f7b3fb1c62d9
GemLab Laboratories,7d38bacf-3be2-43c7-b5a2-644231df4faf
Consummate Taxation,f75a7594-4f28-4001-b499-13142f879382
BUILTEN ARCHITECTURE AND DESIGN CONSULTANCY,483cd4c6-0f83-439d-a5b2-392bb5185d07
MERABT TECHNOLOGIES PRIVATE LIMITED,f1a92fc5-45bb-4255-9528-6e87b3aff881
Social Welfare Department,cba2e53b-fb59-4286-a295-0fc1ba3e1439
OnezeroOne Technologies (OPC) Private limited,43cf840d-aa65-47a5-a37a-ffc5a5e55ea7
Sharad Insulations & Interiors Pvt. Ltd.,8907d539-6563-4116-b8c9-6136c66b7329
TATA CHEMICALS LIMITED,5f401fe9-8e95-47fe-8148-277d84c5c3b8
Zeliot,b124faa1-0257-47d5-9cfc-623c2dddcb5d
Scignyte Private Limited,ba38fad3-9ef6-4ce0-9f32-b743f35ba77c
Ceremorphic Technologies Private Limited,adeafed9-d7d2-42f5-86d1-022e3b0a0d9e
Annet Technologies (Gujarat),7f6ec862-e29c-4e32-8fc8-192ac66cfdca
Serole Technologies,4735b09f-18fc-4163-93dc-59129d324ff2
O365 Test Customer,8311e1f2-05a9-4eaa-8fc1-494dfef1413a
SOC Experts,9b3d83d3-3c99-4320-b810-ea46a4f68c7d
SKADE MINERALS LLP,55865f7b-407d-4218-9b1c-3eb75610ee16
IFlowTech Solutions Private Limited,bf14ed62-7d6f-460d-b00a-1d69fd5410e2
MYAIRBOOK TECHNOLOGIES PVT LTD,f2062c4c-978b-4a7c-a4c1-48cce2f417c9
West Agile IT Labs India Pvt. Ltd,96ab60a4-4f8a-42d7-bd7c-60a66e664e12
Integrated Geo Instruments & Services (P) Ltd.,fca86f3b-9e51-4232-bb30-85b70154595c
DGS ASSOCIATES,acf47cce-de1d-4afe-8177-671593c94e96
M/s. Lite Auto Components Pvt Ltd,599bfea8-2fa7-4906-9c53-10c05a1230c9
Royalux Lighting Pvt. Ltd.,bc490d76-8678-4e7d-8d93-992bd7210540
Merabt Technologies Pvt Ltd,d6b4ebff-bfcc-439b-a128-09bc06cacd8e
iTriangle Infotech Private Limited,154f6004-4a4c-482c-baff-e98a112cb010
Jobs Xpert,6bf5d35b-aa9c-4dfd-bc9c-d8ed9f513605
Lite Magnesium Produucts  Pvt Ltd.,9c8a0091-c084-4228-beea-c9c68ba9f374
Upscalio India Private Limited,254ce867-9dd0-4a36-bda7-c70667ecb822
GY Foundation,95d081a1-9b28-47c4-8d67-0848ec51d1ce
odwen,60d8f7b4-9376-4ffc-803b-e771faff9b85
Manjeera Hospitality (Rajahmundry) Pvt.Ltd,7046662c-a4d2-48d7-a754-058b6f3b646a
Audree Infotech Pvt Ltd,87596005-68b1-4e6d-a015-9bb1eac2ee5c
WebX Integrated Marketing Solutions,f04f32f0-d636-4bc7-a5b6-bfa4899ff28f
GREATINDIA MEDIA AND ENTERTAINMENT PRIVATE LIMITED,f4f8cbc1-08f0-4e6e-8c62-54e8393a5768
Bridgesoft Solutions,38682bc4-20d9-495b-bdb4-2c7caa87177e
PRAXON TECHNOVATIONS,766afffa-ee14-487e-a3fb-cab69b1d66f3
Ecotech Engineering Consultancy Pvt. Ltd,aecd689a-78b0-4da6-8cab-36fb92127433
HueBright Colors Pvt. Ltd.,01521b02-e3c7-451f-b917-01afbfe225ed
GAC Consultants LLP,72efcbd9-f6fa-4495-a4f6-5ff3b237b2cb
HealthPlix Technologies,81c384b6-a5e8-4c99-96fd-e3593fc6cab3
PILOG India Private Limited,44d0ecc3-9123-4321-ad8a-cdd4d4a9941c
Altius Tech Insurance Broking Private Limited,a6de5489-d935-4a0e-a7d7-7e316a13db43
Almoh Media india Pvt. Ltd,816fdfcb-4105-4d3f-8d55-837ce00bb8bf
HttpCart Technologies Private Limited,c883bc97-5f2f-419a-b057-849a6e56270c
PC Solutions & Services,36d899e1-25ab-4af4-bc9d-3266bfd72786
PC Solutions & Services,da490eb2-36bb-47ec-b5c3-4586c01b25a5
Tritainer,bd6433c6-78b8-45d2-8f48-aeb9c6ffc1b7
OrangeScape Technologies,25405880-9add-44cf-b1e6-a35c9b506366
AKLR & Co LLP,f8cdb7da-0f45-4edc-a078-1e450a9e61d2
Jobin Mathew,e59ab4a4-92f4-49af-adfb-1a7015b56d5a
Flink Group,ddb639f2-c92b-4d0f-abf8-0d311081ab4a
HueBright Colors and Inks Pvt. Ltd.,24c918ac-8028-41db-bf73-da6bb388cc67
Sunanda Kumar K,fdbb81fc-d2c0-4289-8998-3b9ebe907e94
ACPL FINVEST PRIVATE LIMITED,4d0499c3-e6e9-4273-98c1-50d38ee79c58
Zuci,f609f5e5-b221-43f3-be25-48bb8ce0552e
Indus Novateur Softech Private Limited,4aaf3dfd-50b4-44b1-8981-f5ba9bcf5ffd
Henceworth Technologies Private Limited,f24c4885-c200-4e17-acba-4fc04244ad48
NextGen Invitro Diagnostics Pvt Ltd,abad57a6-d994-4c2b-bf21-f05a46ddaa73
ASCHER JEWELS PRIVATE LIMITED,22aa78b5-bcc3-42ee-8544-1e1a890b8387
Unisis Systems And Solutions (India) Pvt Ltd ,d30bfb59-3fb5-42b7-9a84-1046027e89f5
Pangean Global Services Private Limited,271b98c6-9f63-4efe-acd4-09a10eafe61f
National Housing Bank,5c3c17a4-3f9e-4f7a-b48f-4af7282e3e39
rallis.com,5fd29256-6365-4b91-abce-76991fd78388
Wilmer Technologies LLP,e3f997b9-a18c-428e-b058-2734ccedcbd9
Innoworx Technology Services LLC,d66e5f65-e993-4d4e-8720-1af3a3852852
Mount Meru India Private Limited,159bae8b-5ebc-47ed-bdf8-3509ce62cf37
INCOR HOSPITALS PVT LTD CORPORATE,05ae4b92-3c19-45db-ae38-45b037549551
Hubbinger,72b6d9f3-c50e-4f50-a521-c8442b2c872f
I&C TAX SOLUTIONS.,8147bfaa-3b6a-449c-8cc1-c4a0df91e7f1
NGC ENERGY INDIA PRIVATE LIMITED,f2ada239-e9df-4671-b856-028bd9c328e1
CAWStudios-AAD,3fa43bbd-2c24-4574-bffa-7db110894d94
Endpoint Data Analytics,d64d3cba-c542-4a01-b8f4-ba5f5a3aa639
VICTORY PHOTO CENTRE,3e4cc320-0326-4954-b663-f60262970b5d
Propeltech labs India Pvt Ltd,a8df62d0-eea9-44ce-b4a2-65baa6380fe4
ZELIOT CONNECTED SERVICES PRIVATE LIMITED,b124faa1-0257-47d5-9cfc-623c2dddcb5d
Mount Fab Packaging LLP,5f2070bc-c74d-4fff-b80d-f0a38fec7951
Purple Talk India Private Limited,97188401-bfaa-45c9-b754-8e12dd890326
Tamil Nadu Newsprint and Papers Limited,782c302d-c1d3-422f-97d2-b5680db7d421
VNR Jewellery Manufacturers,d43cf74f-bc01-47f0-ac18-f234d20c64cf
Alwafaa Group,66abe2f2-4dcb-4367-aca1-b2f04d09afee
LABNEEDS,95c0f21f-26ec-4792-9cdc-4ae1289393a7
IHOBS WORLD,cf549990-2eca-45db-adfa-c7ebde961e8e
EHOOK SYSTEMS PRIVATE LIMITED,fef555c0-df81-4381-88ad-09a83a9dbbb2
AV Advisors,36801c84-06a9-443b-879b-beb1437d5434
TRDFIN Support Services Private Limited,9898a464-f56b-4f5b-88bd-ebafddcace64
Propel,a8df62d0-eea9-44ce-b4a2-65baa6380fe4
PILOG India Private Limited,ffd1d760-d7c6-4f55-8dc6-ab773ebfa331
Tejarisolutions Pvt Ltd,8a403ded-9ccb-4d2d-96f9-98123588e84f
Kerala Solid Waste Management Project (KSWMP),2e17271a-af8d-47cb-a138-1bd58334a3d8
D N Dokania & Associates,b61eea6a-00a0-4d77-aaa8-c34b1c7b636f
PUKHRAJ LOGISTICS,3ebca9d8-decd-486c-9165-d94e86e9a208
HLL GLOBAL SHIPPING LLC,a4ae03f7-478a-47cb-bd4e-c00db687face
indusnovateur.com,aaf749e9-6cbe-4797-a46b-9ac8b5db12c7
Fernandez Foundation,431e64a5-db10-4aee-99f5-6174bb9d35a1
Centre for Cellular and Molecular Biology,9adb71b5-c460-41b9-a726-778dd7305365
Naveen Associates,cff8c869-20d9-4b3e-a027-bb56bc194c1a
INDUS NET TECHNOLOGIES PVT LTD,97fe28e7-96e0-430d-9681-86537bc13976
PrimeSoft IP Solutions Private Limited,0148b4df-af8b-4bf9-bc06-c0797f566c7c
PURVIEW INDIA CONSULTING AND SERVICES LLP,40ad2aa2-27ee-4071-8692-205d6146c583
IHXCLOUD PRIVATE LIMITED,37c6a946-32d4-4c82-b8d1-1648d2221c58
TechN Vision Ventures Limited,c11d49c2-6688-4d98-830d-84671a8419a1
sniperindia.com,6c000aec-ba76-40bb-a296-4f1275c9ea31
Karneet Enterprises (India) Pvt Ltd,d362bd1e-1ebf-4cd0-aace-960f9f078fed
Royalux Lighting Private Limited,f0d4b16c-2100-4b6c-89d1-2f30a5b643d4
Dhage Industries Pvt Ltd,c91d4033-9e37-4f8b-9191-7de81010a2c9
Reactore India Pvt Ltd,5e9072dd-8f12-4472-9262-6f86d743781c
TRDFIN Support Services Private Limited,80e67dc4-cc20-4a3a-b5e2-28d99f1641de
Applied Brain,6307692b-1204-4e67-bf7e-d9a906d03c04
Annet Technologies (Gujarat),127d0bca-e9d0-4fcb-bb59-2ac895723837
Tata Chemicals Limited,d4815a57-d729-404d-acf8-c4da4e8b875a
Obopay Mobile Technology India Pvt. Ltd.,9064d1c8-dcbb-4b07-a5c0-245c6e92b65e
Reflections Info Systems PVT LTD,b0b120fd-1701-4d59-9e7d-9cdfeed9fcc0
My Choice Sarees Pvt. Ltd.,ed17569b-cb1a-485b-9026-a9d3925d46fa
Alsek Management Services Pvt Ltd,143b4f24-60ce-4338-98ce-9dbd9e11aa83
Magus Customer Dialog Pvt Ltd,5e96c979-095b-46e0-a20d-73617aa80428
Hyderabad Institute of Neuro Sciences Pvt Ltd,eded0932-7fc5-49ed-bba0-904dd647ea17
briodevptm,07782621-ac3c-431b-b38a-b596b49956c0
HINGE CLINICA,70dc94d5-4d08-4d60-9b95-4b4d61053526
MERABT TECHNOLOGIES PRIVATE LIMITED,df8a21f1-7dde-4d44-a5b0-ad8390ed0b77
CELON LABORATORIES PRIVATE LIMITED,67bc1e01-c4b2-4d0b-bbaa-6d61735ee410
Radiant Technologies,a6a0ac69-3335-4df8-ad82-eb38285a6ed6
Mount Meru India Pvt. Ltd.,d07174c6-6225-47be-87cb-16fad1d2d01c
KANAKADURGA FINANCE LIMITED,f91357ed-589f-40e5-a876-3c52b3146c06
Bestmummy Sweet and Cakes,c39b84d0-058c-4aee-91a9-d994372db7d4
Sakshath Technologies Private Limited,2cf1acae-9c51-41af-80e7-36c91d69644b
Secutech Automation India Pvt Ltd,3a17abf0-ffa9-4307-9e97-cf34e83b702e
Mount Meru India Pvt. Ltd.,4f671c78-7873-4d69-940f-fbd6a3c113f5
RAV Industries,a0c1b489-1e25-49a7-871a-8ef252117fe8
Florence Shoe Company Pvt Ltd,ec730351-d157-471e-9258-3ba12318dee9
Mount Meru India Pvt. Ltd.,f54242ed-b80b-42ce-abc2-f3e805584c30
Mount Meru India Private Limited,b9f919c1-3294-43ab-877d-630d590b0585
CHN TECHNOLOGIES,a4fcb469-6336-47ea-a83b-3320488607fc
Iperformics,b28d4341-69d4-4725-9781-3558daa7ad74
syenainfosoft.com,3ca74a86-126a-42ca-8ba9-150f68b1fa72
Codeface Technologies,aab38684-9798-4714-b328-4c7915b32b40
Trizeal,344beaf1-5c3d-4f9e-ae5e-c0c16fbbdb76
Wilmer Technologies LLP,91ed8857-5d39-4022-91c7-555a56a6d62f
Propeltech Labs India Pvt Ltd,a8df62d0-eea9-44ce-b4a2-65baa6380fe4
Brijraj Auto Pvt. Ltd,f35fd1d4-1e1e-414b-952e-bc8d28f52c44
ZeTechno Products and Services Pvt. Ltd.,b98d85f4-1313-43dd-aa30-e722fe86d0a5
PRAKASH PUMP,d0e041ea-0f70-4313-9331-ba6556cad067
ASLF Law Offices,8e59d624-891d-4348-b8b8-7e61012ff967
Cyber Sphere IT Service India Pvt Ltd,89d73fbf-1e89-45c4-8452-30f488afcf6f
Red Mars Hotel and Resorts Pvt. Ltd,f7b191b9-5a31-4515-a2c4-8674dc907cda
ETERNAL FOUNDATION TRUST,a1520946-542c-4e16-85ca-bc6882331d18
1to1help.net,93698627-0574-46ba-9592-ca538bad4e02
Precitec Precision Machineries Pvt Ltd,20efe777-d29e-4bfb-9776-0dd2aa7bebe9
Associated Law Advisers,55f5aae2-ca6a-4203-adba-3ff20a82b787
TechnoGen Digital Pvt Ltd,ad0d7b07-99e0-4e16-9a1a-fed64ae068b7
INFINX HEALTHCARE,04ae8e40-2e6a-404d-a2fc-882249a590c6
TD Education Services,17da17a1-e747-43bf-9082-cf4bcd3dae46
Ultraa Pack Industires Pvt Ltd,94e5a715-b28e-4a2e-ae16-865ca9f55a52
Habeeb Nizamudin,1470f221-21b0-4bdc-b5f6-edd1281aff45
Bulfro Monitech Pvt. Ltd.,df7cb36e-5572-4665-99a4-620527fa69c4
foremenfiefdom.com,ca232dbe-be47-4c57-9d1f-adf0314c1505
Singhvi Dev & Unni LLP,4f90c7e3-7129-4377-ab8c-1546c00d47ac
Nova Aurora Blockchain Technologies Private Limited,35a9e78c-acd1-458d-837d-529025c0c4ac
The Insight Partners,4512177e-e477-473a-ae9b-7f91c4637fc8
Mulherkar,2d61d285-d94b-48fb-b8f6-21a0ccd66f66
Aquila Mobility Solutions Pvt Ltd,debddb2b-32a1-49d9-8717-de66adcc04b1
Enerfra Projects (India) Pvt Ltd,6719248b-c471-4450-a388-9e47b6c987df
SFAA AVIATION ACADAMY PVT LTD,a9d79557-8cfe-4386-83b7-81615acecf7f
Fermbox Bio Pvt Ltd,2648c850-1cfc-47b6-b68a-458fddd85aad
Ansh Intertrade Private Limited,e57854e4-97b3-498b-b534-7002fef41ccd
Paycorp Solutions Private Limited,ebc33efd-7258-4e11-8899-d85c565d0051
BLUE PANDA LABS,213e718a-d1fa-4175-bf6e-6eecd69067d9
PURVIEW INDIA CONSULTING AND SERVICES LLP,48dccd81-8da8-42e9-8089-2fe3f5098a41
SUKAN ENGINEERING PRIVATE LIMITED,a953dcff-0257-4aba-972f-d00c6ec94e47
Kaveri University ,f071b914-ab1b-46f4-a2a1-7bb9d36e4311
SANPHIO GLOBAL LLP,925cd8c9-7099-4084-900d-d80a5ad93dc6
JYOLA FARMS,84293b30-31f3-43fd-a07c-19d9b949dfb9
SFS,3fca8dea-d55a-4a24-8dd6-07e9cce02580
Magnah Law Partners,77bc3c26-bbf8-466b-8e7b-7bc243783cec
Farmgirls Farms,0a82cff8-a241-4534-99c8-da6e5b9eb7a3
Atec Pool,c1f661c6-cae5-476b-b8cd-346379a2f904
Fission Compute Labs Pvt Ltd,f953a2b8-bf49-4ab1-8110-4f51a68fc72c
Pradeep Computers,98bca36d-c231-45ae-a2f8-b094910d15e7
R.S.G. HERBAL HOUSE,4733674e-16b1-4dc3-8933-6f370995acb7
95 Techno,71bed0da-c891-482e-9a21-fade75a5c9c5
studio8designs,c34d8e42-fb10-42c4-bcd1-756b4d826bc7
srsadvisors.com,ba18b037-b570-4a87-949f-879cfc584f93
EPIC SUSTAINABILITY SERVICES PRIVATE LIMITED,39a4921b-a0a6-4f0e-9ff0-ec0aab395733
Gretel Network Of Aircrafts & Turbine Engines Aviation Pvt Ltd,90090ff8-b516-4123-b164-16e14b170d48
Dr.Remedies Labs,e0d387bb-be42-4eae-9c25-e1d27f1fd4e9
Bobton IT Solutions Pvt Ltd,564aaa7f-cc67-47d3-9de7-a2d4be751cf1
MBG Corp,112cddcb-e4af-4364-971f-444e18ff3f98
Ak Automation Systems,6b998f47-a8ac-4802-b416-36108fad60b6
Olympic Industrials,149e750a-cb84-4282-8270-f6da3fdff403
Freight Xpert Logistics Private Limited,d4bad7c2-6e7d-4995-ab68-eb0dbdffa1be
GAA & Co,dd6f55d7-8ee0-4225-b318-ae90e102719e
SHAR PROJECTS PRIVATE LIMITED,7937059e-3486-409e-886b-f1587d94e9be
greycampus.com,564f2f66-ec72-4e92-a9ae-6d59324314dc
PURVIEW INDIA CONSULTING AND SERVICES LLP,5b5a5b2d-d100-4afa-819e-d628f9fe687d
Welkin Convergence Pvt Ltd.,fbd7e182-15b1-4fdb-9f56-cdbb902df4bf
KANSAS OVERSEAS CAREERS PVT LTD,88f12b0f-fed8-4e5a-a0fd-49e7e7ea229b
Intellisense Innovative Systems Private Limited,50324121-0f0f-4bbc-908a-48b45c0cf25a
Code Facts IT Solutions Pvt. Ltd,57f46178-3702-48dc-975b-a7c5392b64c6
Aster Corporation,f1cf7fa5-e5dc-443f-a52a-81bcf086c265
FAVE MARKETING SOLUTIONS,41d749a6-5020-45f9-9498-4000241b3c8f
BOH SOLUTION,5daf842a-2f01-4360-972b-82cbb358a3ea
Brainbox Communications,14236283-f52f-4940-a475-324eb8ed4cf9
NEXTENTI TECH PRIVATE LIMITED,9b856d1c-1e15-42ee-8b7b-fd4176704bc1
Dubaibc,1b046d4a-4b2e-4b29-8ec1-d23a427d953b
Vedantu Innovation Pvt Ltd,3f8f1086-328c-4e8a-8ae3-59e888c74ddb
Gourmethub,ca4ed649-0f9d-4fe5-b6ac-b46e5715c9ae
Blue Ridge Unit A Tower 1 to 8 CHS Ltd.,9d5a928c-0d4b-42a9-a3ef-5e2f795be046
RYNA IT SOLUTIONS PRIVATE LIMITED,1b45e14b-3db6-4996-ae3a-5624eea2af58
FRESHLEARN GLOBAL,c0d24430-91f1-4fe2-8f8e-f77ea197ffcd
RELIANCE RASAYAN PVT LTD,d5e1746d-5f2e-4141-b365-f90e1325e258
C R NARAYANA RAO(CONSULTANTS) PRIVATE LIMITED,ab1c50ad-954d-4374-8980-af0c21358bab
The Dollar Business,86618d83-832a-4160-a66b-b860822c7e15
Konark Solartech Solutions,3de11776-8388-4841-9ef6-440fb6da995f
Datastreet Solutions Pvt Ltd,b07b96e3-3ff4-4eb6-9cd5-aaf126e67ea8
Vison Labs,ec97eb51-d543-4d24-85fb-17bafccd0a81
Contetra Private Limited,630f69a0-d406-4e2e-a60c-16f612439c68
Forum Malls,fdbb81fc-d2c0-4289-8998-3b9ebe907e94
MACHINT SOLUTIONS PRIVATE LIMITED,b0bfbdd8-789b-4de3-9c5a-6eae59221af5
Hyniva Consulting Services Pvt Ltd,997ee121-2c57-4326-943a-b268a4ed5415
A. C. Steel,b66698c1-e15c-4f83-927d-1c9b89060a04
Progient Labs LLP,55fc8480-3472-4011-8217-8e2997023a5c
StudentOpt,1f7b6da8-cc04-4827-a2f7-f7408b3d036c
Techfour Engineering Solutions Private Limited,1608de55-e776-4f83-937c-107caa6d0845
Greencore Electronics Private Limited,296d7e41-0907-4f61-a256-57b5c3b45358
Sky Limit Group,ac2a589f-6fd1-449b-8a39-8f8352b1e165
Tech Robots ,bf69e7f5-a820-465b-9f07-7bccda1d4de7
HUB AND LINKS LOGISTICS (I) PVT. LTD,f8b3a26c-aeb2-4246-90ed-23777a60e84b
Sowrya Manikonda,ff313fd2-564a-45b6-b63b-123b2786d89e
Tridots Tech Private Limited,9dddf813-4fcd-4ab3-b0a8-8566773cb0df
TopMindz,7301dc81-0050-43fc-b1ae-c996c7006443
NOMUS COMM-SYSTEMS PVT. LTD,0b14c51c-9fcc-49f4-8c7d-ea857c4aba63
Barbeque Nation Hospitality Ltd,75c4af7a-fd9b-4106-8fa4-effa091f39af
Brio Technologies Pvt Ltd.,122b3235-fe7c-4d88-a862-e120842cd1c2
Infosys Limited,52ae4190-d065-481a-83c3-7d9294077bd8
Telecon Systems,72c27417-145d-400b-952e-893fd1e7646f
satnavtech.com,06ab7679-58ff-400f-b9c5-dbe979837fad
DYNABLOCKS,80e86e1a-8c26-499a-b1e1-41fc1a7cc7e2
Semnox Solutions Private Limited,c5394d23-4adf-4ef3-b5b1-8aba00661d70
KAPSTON SERVICES LIMITED,0e199deb-a763-4eed-8333-fe88cb052342
Facto Technology Pvt Ltd,4d70c1cb-cb57-42cc-8bbd-e3522fec6688
ALPHASTREET INDIA PRIVATE LIMITED,6d0307db-c481-425d-b4bd-b13fbca212da
Vimbri Media Pvt. Ltd,86618d83-832a-4160-a66b-b860822c7e15
Xemplar Insights,b0b9e640-3402-49f6-9e04-6a31bd4d32d4
Pixel Stamps,ed06b59f-1dd7-4fd3-8feb-dc16e148ff63
Druva Data Solutions Pvt. Ltd,42e61e40-b68a-454f-839e-9383df57c6af
INFOLOGY,c6773c98-4af8-4d23-8f4e-d23b58dfe2a7
Asset Online Pvt Limited,70e2d0ae-cdf3-49d1-bd4f-9f515ea121f4
Nandu Chemical Industries,36b35a72-c7ea-40f5-8678-b15c31b8719c
Swalava Enterprises Private Limited,13f14fd2-a695-46c6-8d93-02559c0301de
Polytronics Enterprises LLP,66ba6c6c-4d0b-48d9-ab7a-e870bb8f118a
nFaktor Solutions Pvt.Ltd,80e5dde0-f9dc-481f-96e0-aa8169af2035
KRGB BUSINESS SOLUTIONS PRIVATE LIMITED,b2253681-5e15-4a64-964f-f52173e0d15b
Puranik Builders Limited,f0c84a3d-c411-4386-bc42-9fb15db1f7cc
Aumni  Techworks LLP,fc46245e-d0e6-4df0-a286-aeea611ceadd
Intelogixs Research Private Limited,b04c2da1-cb08-4b2a-9099-51b492037918
Onezeroone Technologies Private Limited,bd6433c6-78b8-45d2-8f48-aeb9c6ffc1b7
Head Digital Works Private Limited,5555870b-8392-404c-94ea-e1ed5fe182b3
GCR Foods and Beverages Private Limited,ab1cb412-0399-40d8-bc4b-02ad783a0e9e
Suitefy Cloud Solutions Pvt. Ltd,f5cefefc-0638-453f-9b9d-c34ec03701d1
Manaksia Coated Metals & Industries Limited,07c92925-f3fa-43fb-a09b-3a97204a9fb0
IndiGenius HR & Staffing Services Pvt Ltd,c035fbe0-a2fc-43fb-b51a-ca615810c424
Sequel Logistics Pvt Ltd,8f0eec4c-76b6-4829-a110-e55e181958c5
U-To Solutions Pvt Ltd.,378facbd-a388-4c0b-a0b1-d5b98ccfcdd4
Andaman Holidays Private Limited,72387b2d-2939-4c0d-8aea-a2c898391e8d
SKC ENVIRON LAB PVT LTD,381f949e-48ca-4e2a-bfd6-e8ec9d8777e7
Jumbotail Technologies Private Limited,b861db0b-3c1e-4c4d-962b-d7bff4ee91b1
EEB ENGINEERING DESIGN AND CONSULTANCY SERVICES,5c3812c7-862c-4165-81fd-ec02e4a73c38
Hunsply Works,a4fcb469-6336-47ea-a83b-3320488607fc
Furniture World,9cb09ef3-ded8-4227-a5e4-a862086805fd
Narasimha Murthy & Company,0e68d76d-11b5-4ffd-89a1-2fb522dda736
Datagrokr Analytics Private Limited,a82e3020-b5f0-4306-905e-21eebbf21888
DeDote,df39c3ea-e64a-4801-bf87-dd275524cc47
Anemo Prime Pvt Ltd,5539f212-44b1-40f0-8b7b-d7cf7f03078f
CEN Technologies Pvt Ltd,b3634bde-3fb2-49bd-beed-1db4fa700bd8
ABACULUS,5beae877-16e6-4e97-a912-da33f282926a
Go Digital Path,9eb99353-b469-4b4e-833a-f074cd8a7fbc
Ramky,46cf4470-d102-48df-8f9e-3600c249d157
Madhu Medical Solutions LLP,1d0b4531-4207-452b-883d-49d48b43ae87
GCI,807fe524-f628-4346-8953-3c16c3dfea0c
CAKEWALK SOFTWARE CONSULTANCY LLP,7f64e319-7f66-4c6a-b84d-f8ed115659c1
Mount Meru India Private Limited,e9c704f5-703d-4613-a443-bff82c43a0ad
PIERSOFT TECHNOLOGIES,407c9e2c-5b55-46a3-9cbe-0c6d171fa370
AIWT Development Society,cc9cdc8f-d168-4378-890f-d8a03815ce04
Mobilution IT Systems Pvt Ltd,4ab0b6b8-cf39-4c1a-a2e6-29f851f0f8dd
CHN TECHNOLOGIES,c1f055bd-b74c-446e-8a60-058a1dc5128b
SIDDHARTH CARBOCHEM PRODUCTS LTD,ed8a7bb6-9cec-463a-a298-dbb36939a104
RNR Consulting Pvt. Ltd,4585c92e-baa5-400f-a50f-7ba6aa725304
R S Bajaj and Associates,3a89fdb7-4ced-44de-a983-069c4c365bed
VISHESH COUNTRY CACHE PRIVATE LIMITED,d78f86e8-c248-48e8-81bd-5f1e140d71ab
ASTER CORPORATION,10a58c8d-4a71-4453-8302-9a02e6e40d5e
D2K Technologies India Pvt. Ltd.,5366b679-3862-41b8-953c-530969491bc3
CTC SPEED LOGISTICS PVT LTD,ed861b21-6296-4517-9dc5-b3491f00b1b8
AVTEC Limited,667380e5-971d-4294-8c38-fd07e3381129
Mirafra Software Technologies Pvt Ltd,3291c69e-4352-414b-8e4e-e6e098a61d30
Best Application India Pvt Ltd,ec6a7ccd-2a02-45d4-b999-a1957237dec9
QuaQua Experiences Private Limited,c4ab678b-1bd9-4508-9e5c-fbb73126b8cd
INNOVATE,0ae5d9e5-06c4-42f3-9095-c715bc3a7da5
Sukan Engineering Pvt. Ltd.,7f37869e-958d-426f-b49d-3e0f06729695
RIGA FOODS LLP,7907c17a-c5bd-42cf-b3d8-73fdd253bccf
Ticvic Technologies Pvt Ltd,c751444d-b7e3-4837-9cc1-e267cac4a32a
Omnisys Systems,e6a7ff14-6e91-49d0-846d-830223e04f61
Sfcprisms Solutions Private Limited,71503ef6-089c-4a11-b9d0-37f7cd379bdc
ZUCI SYSTEMS (INDIA) PRIVATE LIMITED,ceebb947-6140-4d78-9f88-dc80c5226644
Spineor Webservices Pvt ltd,9d0c2a12-9a96-4c63-b808-9ae196caa550
Trilokana Marketing Pvt ltd,d69a6293-7f29-4e27-a120-04d58d57ee04
Ansh Intertrade Pvt. Ltd,f07487d7-3832-4a02-a333-87d56ac87f41
Microsoft 365 Email,80706d7e-5e7f-4257-bdce-6379b90ece0f
DeDote,c0d9058f-8674-4dd8-b147-df2bf164b031
NITALAKSHAYA AGRI LLP,7c1644e6-7be5-46b5-b6c1-38e32c01bd84
Bajaj Cement Prop.,65c4a050-f285-4e1c-94dc-0f1176858fdd
Hibiz Consulting Private Limited,7ba118fb-fa31-45b6-918a-24dd21e641db
CHADHA AND CHADHA,3eee4db6-1892-433f-b391-a7d052a719fc
ATC Online LLP,852dccf8-b7f4-475b-a349-aa0a97837b58
AL HUDHA HAJ SERVICE PVT. LTD,d9e65934-4c6f-4494-b4db-137bd5f97d65
Association of Muslim Professionals,54a3c6dd-7ec2-461b-9939-1875763e98a4
CV Designers India Pvt Ltd,2369996a-f5ed-41f7-b3c1-cd19b79d8fce
Bellala and Raghavendra,04459d0a-09e2-498e-abfa-5923a51e5a26
cocktailz,aab796a3-bcf0-4338-aa54-dac7ff6e4c1f
TRDFIN Support Services Private Limited,944aacb7-542b-4b10-8cd2-5dd1099a8db9
NATUSERVE FOOD PACKSS PRIVATE LIMITED,574ef103-7c86-4af7-948e-5684d05ab4a7
Hyderabad Institute of Oncology Private Limited,2bc8e658-286b-4b68-98f3-7a8733997787
Mindlogicx Infratec Limited,7c6cb87f-5823-4f6d-8042-b3b51d52b63f
Sampoorna Feeds Pvt. Ltd,3b26ffb1-8c8d-4863-a277-87581eabe143
Sirius Management Consulting,599e5baf-6c1e-4f5c-bc2d-c726fc0adcdc
LANSUM ENPOINT DEVELOPERS,e2d1a953-aed7-49e5-a1f8-a176bc136b8e
TribolaTech India LLP,c6549a7a-dbfe-41fa-a8ce-59ea99ec7d63
7Rays Semiconductors Pvt Ltd,0af5065e-f9b4-45b5-9bb6-44c5e1afb8a8
AFRICURE PHARMACEUTICALS (INDIA) PRIVATE LIMITED,96f018e7-c8af-4645-b65b-1e41855e4959
Ashwathh Partners,2ea0eb43-1796-4b1b-b054-a60c8c4a707e
QUSTRAT DIGITAL PRIVATE LIMITED,2dc31db3-1a7e-47cf-9a36-3bbd08163bc9
Metronation Chennai Television Pvt. Ltd.,db51d49d-9126-40bf-a184-9b351b776c10
V-CHQ Business Services India Pvt Ltd,e24bd7d0-4149-4cc9-92c1-8801230a3d90
TEAM,a7160799-2667-4dc3-b029-97b1e0937c14
Epixel Web,4166362b-3eaa-4bf6-af5b-9456b0992c3a
95 Techno,ed2e5451-6171-452f-9ae4-5d4e6cc307f8
Technix Serv IT solutions,18350820-8110-4bb0-a673-b631f3aab2d8
Xavica Primary,aabeb3eb-005c-4099-b35b-4d04a396ed50
OTS Integration Services Pvt Ltd,450df855-f64a-49e1-9892-37f6366379a8
Astraea Solutions Pvt. Ltd,c043f805-00ce-4f56-8770-bc3468f13ada
Onsite Batteries,b35cedb9-41d4-4cac-9409-c625d8f5a734
PUKHRAJ LOGISTICS,29fa94c6-5f3c-4743-b56f-ff08f979cab6
Pradeep Computers,31c37d47-7603-4f19-b5a1-8e0c70277a9d
DTDC Express Ltd,46300bf6-058d-4b1f-8e4b-a422d6196e12
Theosys Infotech Pvt Ltd,55f5aae2-ca6a-4203-adba-3ff20a82b787
utthunga.com,3980f7fa-cefe-4bad-bc4d-e071a7870417
ABACULUS INDIA LLP,5beae877-16e6-4e97-a912-da33f282926a
Ajeet Management and Manpower Consultancy,dbb7c693-c4e2-46e2-81a0-53c9a7fb5438
Default Directory,50324121-0f0f-4bbc-908a-48b45c0cf25a
Africure Pharmaceuticals  Tanzania Ltd.,13034893-a750-4947-9aa5-e4a74f7033cf
AlgonoX Technologies,637323f1-6edd-4378-932d-d049922c68a1
takeooff,a76f8915-daa4-4991-a18a-58c9196aa879
Omm Montras Sales & Distributions Pvt. Ltd.,0f33aaf4-2dd5-4670-a1ba-7a3f0cc01940
Teknic Electromeconics Pvt Ltd,71e5b47b-75ef-4f48-bf1a-1b9f9617bd75
Brio Technologies - Solo,cdf32c04-caa4-4fd7-9baf-676ba7706e29
Data Semantics Pvt Ltd,86fb359e-1360-4ab3-b90d-2a68e8c007b9
SRIT INDIA PRIVATE LIMITED,ded387ba-889f-4b78-88bd-9228aca4ca2d
Brio Technologies Pvt Ltd,a283c257-9b2b-432c-a382-127ad270b2a5
TRDFIN Support Services Private Limited,ce869ded-002d-4b95-ac13-1496c7585c63
Oreops Framework Private Limited,aafcd781-1d8b-474e-ac43-7abbc3503e0f
Hytech Seed India Private Limited,ab083e68-34bf-4ffb-b7f0-c2360c3feb49
SOUTHERN SPECHEM LLP,42e4569a-ec09-4a67-b1ff-877eb0436d9f
Coronet Foods Pvt Ltd,2b72db0f-f7e0-4868-a826-2648f48477d5
ABSOLUTE BARBECUE PVT. LIMITED,c14676c2-2297-4766-ac91-266ffd443002
Mukunda Foods Private Limited,05ddaa7c-49b1-45fe-9f1a-3a0955dba2f7
SRIT INDIA PRIVATE LIMITED,4fc84c2e-5304-40e0-84e2-2fd86633213e
Brio demo for E1 promo,8a4bcfb7-96f0-45e5-a8f4-079121f7e4ba
Nagaraja Narayanappa,ec3e5227-4517-4eb4-a9be-09e4bafa8613
Accord Life Spec Pvt Ltd,4d71c3cc-4603-41e7-aa7e-449218c1e903
PAISAPLAN FINANCIAL SERVICES PRIVATE LIMITED,2d05803c-2b4c-456f-bc3a-5e16cc7af694
Mount Talent Consulting Pvt Ltd,53b73801-9152-4691-8d15-7d5b0a28f502
Precision Electronic components mfg co,2c190cd1-e9dd-49b4-954f-05958fbb35b8
FINCRED Sales & Solutions PVT LTD,e2d00877-5453-4d56-9353-17995365c052
VeARC Technologies Pvt Ltd,c219b6e3-8d5e-4584-8819-273b0ce3dad2
Eclature,9623bc03-37ee-4573-b877-390fe4311c51
CR Healthcare Services Pvt Ltd,e75b68c3-d833-4127-bc3c-a28664e58abe
EWA Healthcare Solutions Private Limited,87f57a0c-ab05-4607-ac09-e1b35e89955d
Sirius Management Consulting,6f59d0b5-7bef-47ce-9eeb-1572f1ec78e6
KSP Hydro Engineers Pvt Ltd,48b6734b-a1a4-4dbb-b79e-ce0d25f74d73
SIRIUS ZIP FASTENERS PVT LTD,5c99cb24-b716-481e-841e-5613a81dfc7e
NESTAVERA GROUP,9b6b2494-e101-4655-ba93-d223627515b0
TRDFIN Support Services Private Limited,a04fb57c-0b55-4078-a9e7-e5956296acae
Brainbox Communications,3422a1f1-e0dc-4c7e-b4d5-7a77b9915a0f
â€‹INDEX KNIT & WEAVE PVT LTD,2fea72ba-268c-4ef6-aae6-a9d246135def
MD&T Partners,569e2665-9c62-4a3a-8113-c1bec0eb2dad
Syntaxnow It Solutions Pvt Ltd,f3c9b6b7-f25f-4e48-8a38-bcbefd580c97
Sciens Software Technologies LLP,f066a708-e8a7-4467-bf15-4178256b2fba
EVOLVUS SOLUTIONS PRIVATE LIMITED,b351dc4a-3d9a-41ee-9244-767483887fce
SOC Experts,9c042c7d-66d4-43d4-928d-131abb340587
4seer Technologies Pvt Limited,2d1a6cbe-1d62-489c-9e10-abd6b45df11c
SHRAVAS TECHNOLOGIES INDIA PRIVATE LIMITED,7d3e4529-57db-4425-98ba-36845b4eeff3
360BIM Solutions,f050a837-9201-4331-b57b-b4730ad8c2cb
Redseer Management Consulting Private Limited,00a9ff8c-9830-4847-ae51-4579ec092cb4
DigiGrain Solutions Private Limited,4b622af5-7105-4e38-80d2-6fd6863b52d6
Reactore Group,5e9072dd-8f12-4472-9262-6f86d743781c
Raas Infotek,580fa959-14a0-47b8-b915-fd2446d63e96
Cambridge Technology Enterprises Limited,eb83c9c7-f75c-4e50-b90f-337254a50e28
ATC Online LLP,81f75abf-00e3-4f25-81a1-3e46617baf1e
Druva Data Solutions Pvt. Ltd.,88509070-fbc8-41c1-85e7-3c0a44729255
theoneaccountant.com,9e6d2ac1-9fcf-4c9c-b198-58c0d54f6619
Radix Soft,eb8b20d4-9aaf-4866-89b8-d93a417b6453
Alphaa AV Solutions & Automation Pvt Ltd,f89c7ce4-d61f-4e19-82b7-98d4f95715e5
Ecofinity Projects LLP,5629d422-6e7c-4201-986c-c1b23d58e766
E-COSMOS (INDIA) PRIVATE LIMITED,a072eb44-2aae-4950-91c9-19d9e823aef1
brioperk.co.in,e13e81ee-a2a5-46ef-960c-068b2e378e0a
Law Assist,7c3142f9-6d4f-4082-b1ce-c192ef463527
Pacific Organics Pvt Limited,f0b488f0-ca16-44e7-a9f7-499ecf66bc5b
MoEngage India Pvt Ltd,3b43861a-22f7-45be-9669-7e54f865990d
CLARUS AURA INDUSTRIAL LIGHTS PVT LTD,a82799b5-c81b-4717-9188-f1a97b98b23f
Techsol Systems India Private Limited,3ca8ff7d-acda-4f42-b8d5-a4f587df7101
Abcedo Technologies Private Limited,83c4ede7-0e20-46fd-bfbb-c7e0c5b3ebdc
High Wall Home Decor LLP,f786b90f-bdb3-4f0f-9690-7a31491dae66
poolsonlinestore.com,b0b83017-116b-4127-a010-4fc5c984cb9f
INBISO ENGINEERING PRIVATE LIMITED,9de675ad-bf56-4015-80b9-fb7074e953cc
Pradeep Computers,4b5ec0df-bbcd-4074-bc6e-0b6a24317f75
Mount Meru India Private Limited,152b5051-853a-4b68-a73b-8e33c6475722
Fliqa Reality Private Limited,8d91fc06-efd9-44e7-9a3d-355c136a5c20
Oriens Global Marketing Pvt. Ltd.,a05b3095-cecf-4eed-ad85-873e47523873
integraautomation.net,bce1e966-3f92-40fd-9c5a-ab79d599547b
Lexington Soft Pvt. Ltd.,f43cef5b-2276-4ec3-8097-2066e8716a60
Safedata Solutions Private Limited,73be19d8-657e-420a-84fe-6db9e00cb44f
FAST FOODS-FOOD AS THERAPY,7b85e481-af4f-48eb-9a86-905035ac4315
SEALINK FASHION PRIVATE LIMITED,495caac8-9432-47c8-8560-732e43628e02
2b Sourcing,1c29d8d2-9e30-4370-9230-712702bb40da
Axis Shipping ,3fc8774e-e815-4c6d-ad2f-b46c6f24c65a
Tac Info Sec Private Limited,c9c5b89e-8ca7-4778-895e-24f9815c9636
Virtuous Screening Pvt Ltd,9a962fc1-036f-4f63-8dc7-245744c6f25c
Finavi CFO Private Limited,fa137c99-a22d-4300-92d8-331aeba296d1
xcubelabs.com,b35d7fe3-e80b-46e9-9f63-bd933ececaef
A & A International,6f1bd7cd-9c0e-4965-9e45-6db3f2815bda
galaxytechnical,ecb3bf36-a9b5-4688-a932-b9646dceced4
OSAAT Educational Charitable Trust,4aac3c02-ed1d-418d-b698-158dc16c7c01
Lexygen,cc8e56fb-b8d6-4205-afff-0c61ce9b77eb
Finfox Technologies,046d7b25-ce29-4008-8857-2238596dc642
CreativeXperts Consulting Private Limited,ef578071-b941-4ab8-bf32-d7cf8731a24b
GIBES.CO.IN,828c2d3d-6eed-4b82-8a62-7f4f163fadc7
Vapour Desal Technologies Private Limited,d94d152b-6af8-401e-a88b-1c8a94982622
ThoughtData Software India Pvt Ltd,4f66169b-d9e4-4fe9-a9e2-1bd1d1cdb2db
Mitts Trays - Emails,d6e886c6-1410-47bb-b3d9-5d686b542ae1
DeDote,95dd4dee-9003-4cd5-b07b-6a63b571bee5
Transacdesk,5b92f477-d66e-45b1-a83c-191ffe748b97
RAAS INFO SOLUTIONS PRIVATE LIMITED,1f7b6da8-cc04-4827-a2f7-f7408b3d036c
BIOMED HEALTHTECH PRIVATE LIMITED,c1fcb020-fa98-4c68-b4fb-61702ebc88fc
Techfour Engineering Solutions Pvt. Ltd,72b6d9f3-c50e-4f50-a521-c8442b2c872f
HUB AND LINKS LOGISTICS (I) PVT. LTD,a4ae03f7-478a-47cb-bd4e-c00db687face
PATEL & GUPTA CHARTERED ACCOUNTANTS,5353f6f0-6961-4cce-ad9b-d18e121fd318
TMSFIRST CONSULTING INDIA PVT LTD,190f331f-9a12-49f1-86d4-e2236d49804b
Elico Healthcare Services Ltd.,725f6e21-cd8a-4cd8-b3ff-63c60b7adf66
SEMIKSHA SEMICONDUCTORS PRIVATE LIMITED,d02ddc43-5be1-4e20-abac-a29ff204fc4f
StemTraining,4b07d103-d00d-4685-9945-9d05d86a2b44
Praguna Power Systems Private Limited,a7879ca9-056e-4757-b0c1-abcac2e6d91b
Kairosols IT Services Private Limited,de7b2b92-52c8-4d6f-afa0-8982f3c296c1
Aion Tech Solutions Ltd (ATS),a21fb5ca-d2bd-4ebb-b624-dc91a41aec88
EatClub Brands Pvt Ltd,2c75a83e-9041-4e12-bf05-4157933b50ed
Mount Fab Packaging LLP,47ee5a91-8587-419c-afdd-da6ade3f7d83
PurpleTalk,d95edf1e-2c7d-42ee-8e84-163229f87133
Default Directory,ecf995aa-9e01-443f-853f-ede5b1f6b26f
Infusion Solutions,edb4fb64-2884-4ce0-960e-df9dc5e0bf71
WINNGOO LTD UK,1ac0a82b-8849-4851-86dd-93339f87c345
Bantia Furniture E Commerce Private Limited,7dc61c1c-8d86-4c58-ae39-1683fc61a6ee
MRF Limited,488ccfce-e385-4a91-a9db-2010e1072f87
Milltec Machinery Pvt Ltd,45263fde-a6aa-4d24-94ab-8bc620b54dbb
Y-Axis Solutions Pvt. Ltd,d2781ccb-abb1-410d-969f-b1259cc2a697
ILENSYS TECHNOLOGIES PVT. LTD.,5b5095c1-86b9-4a36-9196-f6a16fe048f5
Digital Nirvana Information Systems (India) Pvt Ltd,2e3268b0-883f-415e-a620-194f61401e94
Ub Group,8f2fbb67-ff2a-40b0-8c63-cd3115270d57
REAL TALENT ENGINEERING PRIVATE LIMITED,2c7a3b7f-c416-41cd-83a3-a43a0f5cdec6
Amicus Services,6c614f21-034e-4cf5-ac05-33c521b97912
AforBusiness,28ca10c1-2f7f-4932-b5a2-220987cb3cc8
Technoflair Solutions India Private Limited,cee09dbf-a78f-4c81-9d1d-4dcd719772ea
"ABAL Technologies, Inc",e2677a81-aa53-4e63-b026-65c5de9fadd9
ATC Online LLP,0c1bb677-2dfe-4c65-81a1-ffb4149c1223
Gati Poc,977f7804-ed94-4d57-9e3e-9d7863242dc9
TK Chain,6a602c8a-f828-4e9e-b9be-c9b962c44cae
Watermark Marketing Pvt. Ltd,53d1ba62-4158-429b-8dc2-e996e938b1ed
ZISPL,ff6e1b69-272e-4b15-835a-954f9115597a
AVAASA REALTORS PRIVATE LIMITED,c7424d2a-c708-4ce3-b3ca-2598b915eb0f
Thrymr Software Private Limited,40f7b4ab-0420-4ca0-b5da-8fc65e333053
Taevas Life Sciences Private Limited,c23fa5ec-ed1c-476b-b329-3c86528d4f41
Sreeb Technologies Pvt Ltd,795b4059-0b8c-4da4-8f91-88ded8b06e90
Global Tech User,3782cdd3-815f-478c-8043-80b0cee7b79e
PSP DYNAMIC PVT. LTD,c48fcd97-a71e-40d9-947a-294d0d65ff33
Fission Computer Labs Pvt Ltd.,0c233299-b378-4fae-a6ea-6ab47f193f8d
INDUS NET TECHNOLOGIES PVT LTD,19689005-7681-4f70-8047-fd1a0561b72b
Rivarzevs,00a8660c-137f-4c0e-ac9c-e70d7981ea51
BridgeLabz Solutions Pvt Lltd,e656f7a7-923b-4565-840b-bd9c18f4fd2d
NEOBIZZ ADVISORS LLP,92f87336-90e2-4fc3-bd5d-fa577cdf663a
Hela System Pvt Ltd,80b156a7-26d2-4ec4-9b0f-c3f30641cf7b
CentriX Projects,cc59da00-f4a1-48d8-a716-ab1fa8c47b3f
Element Tree,52e5a706-49a5-4aed-920e-7526ef8e3d21
360BIM Solutions Pvt. Ltd.,8291c78e-34e8-4e69-a5c9-a251e23cde8b
INSTELLARS GLOBAL CONSULTING PRIVATE LIMITED,4eae420e-e651-4558-a7d1-7812c979c3cf
Neural Integrated Systems Pvt Ltd,a3edaad8-b840-4a3c-a13b-e5e9609ce7c3
Market-mirror Research Solutions,89b31467-e606-445f-aaa0-519ebb50410f
MAHINDRA EMARKET LIMITED,7b729cfa-b23d-4692-ba81-f1e3c131623f
Jaya Sharma and Associates,87fc6109-4599-4e03-a0af-e908b21fa84f
Aspire Management Solution Pvt. Ltd.,b1340946-6f49-4ebe-b39f-1d6f59f5ca76
DTDC Express Ltd,522a096a-30cb-41d0-b5ed-b64d9da0aed0
Petregaz Krishnapatnam Pvt. Ltd.,f2ada239-e9df-4671-b856-028bd9c328e1
BodhtreeUSA,16ffbc25-5f01-46f9-87e2-cd341505ca8d
M/S Cothas Coffee Co,b761d35e-8e3b-4113-a283-ed0ce9c711a7
Bharat Motocorp Pvt Ltd,24abd7ec-cfe4-4288-8d04-9387012ab716
EXCEL IT SERVICES PRIVATE LIMITED,82013b22-c884-4cec-93fd-c3eb25fea5c3
Nunam,e260acef-b282-42f5-b121-f516f92e67d4
Ajay,744ddd6f-7ea7-4d3c-aeae-988f9437f984
Pre-Time Taxation,9b3c7b4b-7156-4765-a6aa-6cec85568eef
Flowchem Pharma Pvt. Ltd,18c5ff43-8366-4369-8684-30db64b7d750
SKC Compliance Lab Private Limited,fb319533-ca0c-4d17-9a70-fbb0dff13cd2
Jarvis Business Solutions,91dcf032-5c0c-4086-95cf-fc6aa39ad7fa
Sanghamithra Rural Financial Services,a819bf4f-008d-47b0-96bc-2e3c319711aa
Celestial Meridian Shipping Private Limited,3f7c0acb-de82-4ab4-8da0-d35b0f37ad4f
CloudScouts Technology Services,ecb6503c-f71c-4630-bac5-adc27859d575
Tattvika Advisors LLP,d35ece8a-237c-4fa5-9ca5-c3107f02fd70
GENESYS INFOWAY,b6d2020b-1b49-4d3d-be67-d29e711454ea
Trade Events Group,0abc0323-f1a5-43b7-9f7e-c0838e52519e
DTDC Express Private Limited,e2ad62bd-35b5-4ac4-9eef-7dd30665c465
Techlogic Software Services Pvt. Ltd,5188fad6-338f-450d-9156-9edbf246074f
RBJ Technologies Pvt Ltd,3416fd8b-5c76-433b-b660-781f25107dde
PAD Integrated Marketing & Communications Private Limited,04c1a0c6-784b-4867-ae28-7f1b75e73657
Yogeshwar Enterprises,885c0c56-29c6-4b66-a05e-8c2f49d9ebb9
Garagepreneurs Internet Private Limited,fd56b8c4-b998-4881-b53e-a1fc5a9c600e
VGDS Global LLP,6a3362d4-17e7-48e1-94e1-b99f5496d3dd
Flywheel Infotech Private Limited,2e2ae7c6-5533-472e-8d92-f6eb8867ab18
Win-Win Automobiles Pvt. Ltd,945ced9f-871f-4083-810e-02ec9cfd8bc1
R10 Technologies And Services India Private Limited,f1995bfc-abc4-4328-938e-10e49138a5a4
SurveyHeart,5d71e051-2974-47fe-a145-323832ad0f3c
Guava Digital,ccdadaeb-a471-4fc4-9160-f534bbc38fa1
eSwiftSoftware Pvt Ltd,ceeef19e-90a0-4293-9b43-8bf2e55a178e
Success Engineers,a0b49e52-ed60-4182-80b7-9a6175aac2e1
Control P Solutions Private Limited,15c6076d-c913-4221-a1e9-deba9912be5b
MINDFULL NUTRITION LLP,7bd5da5b-d20b-4eb1-b373-a726bf13ae05
atlanticpnf.com,de39d157-a6d8-472f-bc7e-4816115dd0eb
MERADAWAI PRIVATE LIMITED,94928a76-25dd-4e35-b0c4-de6291f896c3
Dhibiz Advisory,04459d0a-09e2-498e-abfa-5923a51e5a26
Cloud9 Technologies,7db48bcd-0d66-46e0-9015-7d4389260b5d
TechnoGen,79d6a668-09fc-4b5d-ba87-5ee807f81e46
Webgion E-Commerce Solutions,e7cc7e5b-6696-460a-af0c-533e145510ab
Helius Computech India Pvt Ltd,31b4bc66-c12e-42d8-86e8-c18bfffdb2d9
SAERA KETO EV PRIVATE LIMITED,568cf701-8f4b-4524-a4f5-9aba8c56629c
Eulogica Services India Private Limited,c8e2d8d6-76b5-4c97-9132-5b7346ff5515
EULOGICA SERVICES INDIA PRIVATE LIMITED,266ebd7a-e2f2-4a11-93a2-6afe10100beb
PILOG India Private Limited,4ce18298-abe8-4d7e-b705-c16397b78f2e
EDGEFLEX SOLUTIONS PRIVATE LIMITED,cf1a26a0-bfe8-4022-bff2-b8c3c514edbf
Top Attest,580b89db-54be-424f-ac06-082de91667bd
semnox.com,8682a1d9-ecb8-4143-860f-287983d60773
BIOMED HEALTHTECH PVT LTD,b4ca989b-b4e0-454f-9194-5c57d00b66ee
MUKUNDHAA NETWORK PRIVATE LIMITED,ee597c51-3375-4bb1-ae9d-b5ed1a7b053a
Suns Legal,7c550164-36e1-4bca-b813-bc407bde230a
HealthAnlytx Pvt Ltd,8ec9c8b8-ae9a-45a6-83a3-ea9f77d1ff34
95 Techno,01554814-507b-4f2a-b5e5-0363720b4a1d
TRDFIN Support Services Private Limited,0b7a0e33-a363-41a0-931a-2fe341755b76
DeDote,e62052b5-a8c9-4735-8cd8-a80cc9bb2d4c
Lane Global Logistics,d722dea1-5785-4fc8-9854-2539361fb221
RETRO MOTORCYCLES LLP,62dbff52-0a17-4637-8892-b212a622237e
Likhitha Infrastructure Limited,97f64219-cd95-42a9-8670-0463e25c2449
Positive Moves India Consulting Pvt Ltd,f462578e-ee7d-469f-994b-e9b811ff8314
Epixel Web,a015127d-8da4-467d-b51a-4b39a0c909ff
DeDote,56097f79-ff6c-461f-a378-ffc322553bbf
V Care Technologies,da6edce4-42d7-4bc0-9cd5-fc95cc65dacc
DeDote,c2c536b2-1caa-4432-921f-47c299053ea9
CRESCENT TAX COMPLIANCE PRIVATE LIMITED,68a344fd-8515-4165-b972-4f90a86ce938
SRI GANESH FORWARDERS,81ab85ba-d27a-4f02-a25a-216ba42daa77
GK ANALYTICS,1ab1128c-0cb0-4ab1-beb4-e7032966c7cb
Cognis Solutions Private Limited,cc141d2b-e541-43ea-b44a-f4a96dbf7cc9
Rinshi Advisors LLP,04fa4076-a5bd-4b22-99f6-1ffe72a533c1
Government Sunder Nursery Management Trust,24b588d2-b0e9-4c1a-bb3c-cfbee29c0fcb
sPA,4c75d0ca-6dc7-4b64-8c2f-080c49a8ceae
CoolHax Labs Private Limited,f5e0662d-928a-4b48-a24a-9505b909b409
Law Chambers of R.V.Yogesh,0659dec2-ff56-40d4-910c-6a265dc49345
eSwiftSoftware,11aa076d-487b-4654-9934-306b2449458f
Wipro Enterprises (P) Ltd,327d4f56-ec4f-4dac-bcb8-246d6fd2414e
Unic Sol India Private Limited,d6d23a16-ddc2-40fa-a788-b22f1a94ea34
Pradeep Computers,ed861b21-6296-4517-9dc5-b3491f00b1b8
Karnataka Metal Company,4c85dfa0-9dcd-4599-846c-e5a52a7e9017
Sravan,bb458189-abbd-4c2b-9001-f0accce3334f
SUNDARAM HEALTH CENTRE,b840487e-befd-4371-91ee-a67a262f9b00
Techleaf Systems Pvt Ltd,ad575fe2-cc8c-49a5-bb6e-228002566014
TRDFIN Support Services Private Limited,68eb476a-15ad-4e65-b21d-12458a7e0142
NoBroker Technologies Solutions Pvt Ltd,60d0cf59-be8e-4485-ad16-057dc5b1bce1
vestrosolvents.com,eab53dd5-a8e0-44ab-947b-4699324f7d2d
Mirafra Software Technologies Pvt Ltd,7be66c91-cab4-442a-8f0f-4b0f91b44c7c
WebGuru Mumbai,6a6ab57c-2f70-483a-9a9c-65258a9d12b1
FRESHLEARN LLP,bf794065-0dfe-4a93-b821-be822b0c18b4
National Institution For Quality And Reliability Bangalore,bb304230-2b8b-44e2-8b05-f34c40d6be38
Eclature Technologies Pvt. Ltd,efdc9d5a-8669-4987-a9d1-b53a83c354a7
Visa Council,2634dba5-eb7c-4be6-ace1-f7be0ba18ae4
DataCorp Traffic Private Limited,a30255c6-b827-437a-8dc0-11cbf1e3d6f9
Brainbox Communications,49a07706-8cea-440d-b4ee-bbfdb504b875
PeopleHum,3ec79a62-de7f-4c66-918f-7a47dcf25975
Techsophy Information Solutions Pvt Ltd,0ddd8c10-6e8e-4d84-a05f-867fd59d328b
Radheshyam Transport Company,13771241-3a1c-4835-b02b-652e3fce68c0
Saanvi FashionS,4f7b72b8-868a-4ee7-b915-324bade01ab2
Global Tree Careers Private Limited,317bb271-825c-412a-b618-e76c7f845528
Ray Life Sciences Private Limited,68d735e3-c6e7-4638-8d23-2f3f50976e41
Coronet Foods Pvt Ltd,56e6f06f-6821-415d-8e79-1a0c72c40dcc
Screen Magic Mobile Media Pvt Ltd,2a1479d9-d807-4064-bf03-7efe469c4e2b
Master Tax Accounting Services LLP,a5946dbd-40cf-4cb7-94a1-afc305a23196
Bekkam Raghunath reddy,11bb1927-5763-45be-b637-d231a871982c
TRDFIN Support Services Private Limited,28a7eff6-5182-4cd7-bebd-2a1eeebbb5bd
Sriram Enterprises,b8c93382-13cb-4b5d-8869-d6ebd8086224
Ideal Experiential Learning Private Limited,c0a824dd-2bb0-4c05-9714-6eacaa06fdd5
QualMinds Technologies Pvt Ltd,60e3a48c-63bc-439d-94d2-31f18ddcff5e
Winfo Solutions,7c51d221-e93b-4397-b4c7-775faf9f6d10
ekata earth pvt ltd,0243402a-5d21-49a3-8f5f-9b80cf5a73fb
MOUNT MERU INDIA PRIVATE LIMITED,40fb9de6-1896-49c5-9023-d86e17a8f1a7
Cyberozone Consulting,af7cc7ef-f323-48c6-9c42-c31ccfc7b159
Josh Automation India Pvt Ltd,d3efd475-0ec1-45ab-940e-0e66802111b8
CreativeXperts Consulting Pvt Ltd,0112ed78-abf7-40ec-ac17-d7ec57be0105
M/s Riana Advisory Services Private Limited,26bc495b-c7ae-4b44-98ae-290e13262809
prodigygroupindia.com,49947671-512b-41d3-a04d-e1fa839f6ac3
HDBRTS Co Ltd.,0270ab18-9588-47d7-bef3-ca003411caa1
OTS Consulting Services,2fc743eb-11b5-439a-b1c3-bdb1c5b08f7d
Henceworth Technologies Private Limited,0052d4df-9e92-4ca5-9fe8-f0bdf1e90c39
BitByBit Solutions,7b1eeb7e-ff6c-415e-9c2b-151446e2e52e
SALESWINNR TECHNOLOGY SOLUTIONS PRIVATE LIMITED,6061b825-a9b1-4fea-afbf-17416c99ba1f
 Proov Identity Services Pvt. Ltd,bbfc0353-022b-463b-8001-8371a775273e
AR Toys & Techniks India Private Limited,45a70c34-b7c9-49c7-83fc-b52858137b38
Rivarclubs,d379545a-b8a6-4b85-bd84-81cda1fb4ab2
Empulse Research and Data Analytics Pvt Ltd,7a28906a-0ca1-40e1-909c-7c6f0e31b6f5
Constellor,17da17a1-e747-43bf-9082-cf4bcd3dae46
Lead Central,aa719fb3-4816-4495-91fa-36a992fe0492
Sadhguru Audit and GRC Solutions Private Limited,7804ed6d-3154-4ebd-b93d-ce9617cde7fc
Aspire Scientific,78f4bc47-b12d-4848-830a-ad7204e74224
Intellisense Innovative Solutions Pvt Ltd,cf549990-2eca-45db-adfa-c7ebde961e8e
Junto Creative,bfd4770a-854b-4665-8abd-43bf94c1a41f
Afferent Technologies Private Limited,fbac34dd-0d93-4be5-aa1f-c05198da2c0a
Druva Data Solutions Pvt. Ltd,1b9e456d-8928-4fc4-912c-eb44702cd412
DegreeMinusOne,afcd8581-f9ca-4776-a214-593479158114
Exprs Techno Logistics Pvt. Ltd.,de2b920c-d30b-4442-99dc-bfb0d1b6e5bc
ASSURGEN PHARMA PRIVATE LIMITED,32f2b859-25ab-4a2c-8842-c7532f7a894c
Mercury Management And Technical Services Private Limited,e84dfb41-c606-4275-b8ad-c5655674e342
AYATAS SOFTWARE SOLUTIONS INDIA PVT. LTD.,bef1ea35-5b60-4737-bbd7-c441a4bd5e50
Velvet Home Stays Pvt. Ltd,48fea30e-7043-450d-8a7e-d8872aa6f7fd
"Skoruz Technologies Pvt. Ltd.,",4ee83e38-41f3-47fe-a6f0-bec488e6c00f
inmorphis.com,b3109895-90d9-487f-8319-e99adcafca98
nStore Technologies Pvt. Ltd,8a4d9734-a237-4691-b51b-1bc86f023676
Ziproles Enterprises,0927ee12-f790-418d-8303-d3055b87ad16
MedallionX Website Developers,a875ef46-6d21-4830-99c5-6dd0c62527ae
JANANI TOURS AND RESORTS,a741942a-0a84-4e99-baf2-108e34c43103
"Ceremorphic, India Pvt. Ltd.",adeafed9-d7d2-42f5-86d1-022e3b0a0d9e
 Dhage Industries Private Limited,2ab52337-6837-41e2-ae03-068067542cf5
KB ONSPOTIT Solutions (OPC) Pvt Ltd,a819bf4f-008d-47b0-96bc-2e3c319711aa
KNACKBOUT STUDIO PVT LTD,87d57371-45c7-400c-b579-6983798d6e79
Draup Business Solutions Private Limited,fa7c206c-a618-422e-87e5-abb944809d12
cirrusrays,8ecc7a70-f3e7-4e05-85f3-6922c2266cf6
MESMER PHARMACEUTICALS,bdcaff72-ed13-4f74-a1ac-6c6768994862
Ispeck Digital Solutions Pvt Ltd,3fdbff8f-94b0-4207-8254-5f943527041f
Radioactive Technologies,0b5ccbdf-21d8-47a0-9935-d790f2df4597
Vels Studios And Entertainment Private Limited,43aa4d25-6bdc-402b-b9d7-060bb047a211
Aptaide Solutions LLP,3c995ad7-0550-4196-9126-86bac9ba7357
Brio Shaikh,5c056fff-fcfe-48b7-aa42-d5a8a6a477e9
EFUND TECHNICAL SERVICES PRIVATE LIMITED,df4520fc-c113-43d0-ad4f-5ca214e204ad
Develoscope Software Solutions Private Limited,b3680f0a-f6ad-4014-befa-b881d573c92d
Mohammed Inayathulla Contractor Private Limited,3add1f09-1918-455a-9c4a-d1fa098b480e
North Star Trade Links Private Limited,b753339e-39a0-40be-9591-7632cf597299
TechnoSphere,0c2c3050-8afd-4a0d-a6b5-e596065ab211
AK Law Chambers,896ca9bb-e79f-4c5e-bd12-0396f2cf5e6a
VARUTRA CONSULTING PRIVATE LIMITED,e2edfd35-8d62-489f-9cd1-67056e76a53a
Viwito Primary,8a1a1cd1-3f4a-4a53-8c84-7026ad29a94d
PRIMEFACT LABS PRIVATE LIMITED,82bd1f7d-0b80-4857-b29b-4561427cf8b7
3S Engineering Solutions,bb5d502d-4afc-4269-ae8a-3a0535435c64
Market Mirror  Research Solutions ,89b31467-e606-445f-aaa0-519ebb50410f
HAPPY PLATTERS KITCHEN DMCC,b285c6e0-b084-44c9-96ed-229c0cf6e881
Kerala Solid Waste Management Project (KSWMP),9dcca994-7aa3-49b4-b78c-50e9c36694ec
Onezeroone Technologies Private Limited,c136cbfe-3e24-4d55-b0b8-d95a9682cf2c
Theosys Infotech Private Limited,2d61d285-d94b-48fb-b8f6-21a0ccd66f66
Pinnacle Technology,b77d33a4-3bd0-4a3e-a856-a880f70bb7c1
Tradewell Securities Ltd,d1e67df8-4a34-4540-99ab-4101e2ca9195
OneZeroOne Technologies (OPC) Pvt Ltd,4c4c0a03-25fb-41e7-8a5f-985b19773675
Sterling Biotech Limited,b3c1c149-7eac-4058-b686-48f6ea6548ba
Sniper Systems Solutions Private Limited,18778732-af1c-45ea-b927-d1d99033abef
SRV Consultancy & Manpower Agency,4dcc125d-8f3c-46ef-8dc1-56623a8016a9
Innobox Systems Pvt Ltd,4c5cd926-edcd-4088-bb18-e6a4c89660fb
TRDFIN Support Services Private Limited,d1919d88-8c01-46ff-9279-64f26509bcd6
Ignitz Solutions Private Limited,c71adef4-d82d-4e7e-a3af-8ba76180c781
Geek Solutions,3192e42a-c4cd-4bb0-b598-77989cf926de
Onyx communication,edcbd613-cb59-42a0-8880-ae2589df0172
Hyniva,997ee121-2c57-4326-943a-b268a4ed5415
PAYCORP SOLUTIONS PRIVATE LIMITED,6ecae087-f601-4934-9d61-a21ef9da8af9
