cx_name,july_total,august_total,diff
Flink Analytics & Insights Pvt. Ltd.,53200.75,14120.26,39080.49
P.A.C. Ramasamy Raja Polytechnic College,34345.08,2548.8,31796.28
MD&T Partners,18088.03,410.64,17677.39
NoBroker Technologies Solutions Pvt Ltd,130103.8,112902.4,17201.4
Head Digital Works Private Limited,14707.52,783.52,13924.0
Ornet Technologies Private Limited,167621.8,154629.38,12992.42
Brio Technologies Pvt Ltd.,172309.98,161681.27,10628.71
Default Directory,161950.28,151969.18,9981.1
VeARC Technologies Pvt Ltd,180821.2,171726.34,9094.86
PURVIEW INDIA CONSULTING AND SERVICES LLP,9841.2,1628.4,8212.8
Draup Business Solutions Private Limited,14781.97,7039.32,7742.65
rallis.com,71480.93,65888.48,5592.45
EEB ENGINEERING DESIGN AND CONSULTANCY SERVICES,11941.57,6954.16,4987.41
EULOGICA SERVICES INDIA PRIVATE LIMITED,19879.06,15335.28,4543.78
DIGITAL DI CONSULTANTS PRIVATE LIMITED,18325.31,14108.55,4216.76
Fasta Pizza Private Limited,15610.07,11837.95,3772.12
Brio Technologies Pvt Ltd,14113.97,10475.03,3638.94
TK Chain,10019.62,6517.27,3502.35
INSTELLARS GLOBAL CONSULTING PRIVATE LIMITED,120477.15,117032.4,3444.75
Tata Chemicals Limited,620424.25,617585.94,2838.31
Omnisys Systems,4206.75,1401.84,2804.91
Nandu Chemical Industries,6666.06,3917.6,2748.46
IKIO LED Lighting,3438.43,783.52,2654.91
Empulse Research and Data Analytics Pvt Ltd,75801.68,73561.2,2240.48
Biba Apparels Pvt Ltd,2997.2,944.0,2053.2
RIGA FOODS LLP,2987.96,1278.04,1709.92
ZISPL,22202.88,20721.59,1481.29
Finavi CFO Private Limited,9005.76,7599.51,1406.25
MERABT TECHNOLOGIES PRIVATE LIMITED,4422.64,3148.24,1274.4
VNR Jewellery Manufacturers,4587.84,3558.88,1028.96
Fission Computer Labs Pvt Ltd.,21230.56,20261.31,969.25
Ncourage Social Enterprise Foundation,54790.5,53885.88,904.62
eSwiftSoftware,29053.15,28338.16,714.99
Alphaa AV Solutions & Automation Pvt Ltd,12719.44,12012.4,707.04
Sakshath Technologies Private Limited,131319.91,130635.44,684.47
Jumbotail Technologies Private Limited,125922.99,125268.8,654.19
Baghirathi Travel Solutions Private Limited,36193.97,35612.4,581.57
Telecon Systems,20664.04,20150.62,513.42
CHN TECHNOLOGIES,4095.09,3691.35,403.74
TACTIVE SOFTWARE SYSTEMS PRIVATE LIMITED,33450.94,33059.35,391.59
OnezeroOne Technologies (OPC) Private limited,1146.96,764.64,382.32
LANSUM ENPOINT DEVELOPERS,12169.73,11804.72,365.01
Techsol Systems India Private Limited,732.21,382.32,349.89
Virtuous Screening Pvt Ltd,2515.76,2173.65,342.11
ASTER CORPORATION,1752.54,1411.28,341.26
Association of Muslim Professionals,17831.51,17528.17,303.34
Xemplar Insights,23854.13,23566.96,287.17
Dr.Remedies Labs,12638.17,12361.68,276.49
J V N & Co LLP,6336.44,6121.84,214.6
INCOR HOSPITALS PVT LTD CORPORATE,5777.28,5569.6,207.68
Ispeck Digital Solutions Pvt Ltd,1784.16,1589.6,194.56
Raas Infotek LLC,1560.42,1368.8,191.62
Krijay Technologies Private Limited,19533.14,19362.97,170.17
VISHESH COUNTRY CACHE PRIVATE LIMITED,4261.55,4106.4,155.15
OSAAT Educational Charitable Trust,70421.77,70292.03,129.74
SUNSPRINT ENGINEERING,2454.76,2326.96,127.8
Royalux Lighting Private Limited,2681.28,2553.52,127.76
BridgeLabz Solutions Pvt Lltd,1818.79,1697.56,121.23
BI Mining Private Limited,8955.57,8867.31,88.26
Redseer Strategy Consultants Private Limited,18936.64,18876.64,60.0
Hunsply Works,9075.51,9048.24,27.27
Control P Solutions Private Limited,2693.27,2676.24,17.03
TIBREWALA ELECTROMECH PVT LTD,65716.32,65701.82,14.5
Indiyum Foods Pvt. Ltd,2750.84,2737.6,13.24
Hyderabad Institute of Neuro Sciences Pvt Ltd,1214.05,1213.39,0.66
Asfath Ahamed,4384.88,4384.88,0.0
M/S Cothas Coffee Co,11139.2,11139.2,0.0
MIND RUBY TECHNOLOGIES LLP,136.88,136.88,0.0
SANPHIO GLOBAL LLP,892.08,892.08,0.0
Brijraj Auto Pvt. Ltd,2190.08,2190.08,0.0
Epixel Web,5607.36,5607.36,0.0
Fliqa Reality Private Limited,3148.24,3148.24,0.0
Hibiz Consulting Private Limited,88230.96,88230.96,0.0
Exprs Techno Logistics Pvt. Ltd.,4875.76,4875.76,0.0
aquilasoftware.com,8713.12,8713.12,0.0
Melody Studios,136.88,136.88,0.0
Kayoma Trading Pvt. Ltd,2511.04,2511.04,0.0
Serole Technologies,39147.68,39147.68,0.0
integraautomation.net,4446.24,4446.24,0.0
TechN Vision Ventures Limited,1529.28,1529.28,0.0
Gangar Opticians Pvt. Ltd.,1473.53,1473.53,0.0
JANANI TOURS AND RESORTS,1453.76,1453.76,0.0
Pennywise Solutions Private Limited,20532.0,20532.0,0.0
Kerala Solid Waste Management Project (KSWMP),147471.68,147471.68,0.0
Viwito Primary,4332.96,4332.96,0.0
samratgroup.com,1567.04,1567.04,0.0
Helius Computech India Pvt Ltd,2147.6,2147.6,0.0
stratnel.com,1916.32,1916.32,0.0
EHook Systems Private Limited,1146.96,1146.96,0.0
eSwiftSoftware Pvt Ltd,382.32,382.32,0.0
sPA,3898.72,3898.72,0.0
Datastreet Solutions Pvt Ltd,509.76,509.76,0.0
Dandu Biosciences Pvt. Ltd,6683.52,6683.52,0.0
NATUSERVE FOOD PACKSS PRIVATE LIMITED,637.2,637.2,0.0
Jobs Xpert,127.44,127.44,0.0
Airtranslink Travels,410.64,410.64,0.0
Petroskids Engineering Services,1784.16,1784.16,0.0
Karnataka Metal Company,4332.96,4332.96,0.0
ALPHASTREET INDIA PRIVATE LIMITED,684.4,684.4,0.0
GCI,136.88,136.88,0.0
Zluri,10903.2,10903.2,0.0
Onsite Batteries,556.96,556.96,0.0
Med Clad,726.88,726.88,0.0
trroyls.in,136.88,136.88,0.0
Jesvid Cryo Technologies Pvt.Ltd,1368.8,1368.8,0.0
HealthPlix Technologies,30632.8,30632.8,0.0
Henceworth Technologies Private Limited,1467.92,1467.92,0.0
Fernandez Foundation,556.96,556.96,0.0
Jobin Mathew,1113.92,1113.92,0.0
Praguna Power Systems Private Limited,8212.8,8212.8,0.0
Retrofitting & Repair Consulting Services Pvt Ltd,556.96,556.96,0.0
Institute of Insurance and Risk Management,1274.4,1274.4,0.0
STS AQUA PRODUCTS,136.88,136.88,0.0
Aptaide Solutions LLP,127.44,127.44,0.0
Pinnacle Technology,12753.44,12753.44,0.0
Raw Edge Industrial Solutions Limited,3011.36,3011.36,0.0
IFlowTech Solutions Private Limited,13876.8,13876.8,0.0
KANTHERI Consulting Pty Ltd,892.08,892.08,0.0
RETRO MOTORCYCLES LLP,1274.4,1274.4,0.0
Zuci,3794.88,3794.88,0.0
AV Advisors,764.64,764.64,0.0
PrimeSoft IP Solutions Private Limited,788.24,788.24,0.0
Trizeal,1656.72,1656.72,0.0
Datagrokr Analytics Private Limited,14665.04,14665.04,0.0
Lexington Soft Pvt. Ltd.,4842.72,4842.72,0.0
BIOMED HEALTHTECH PVT LTD,892.08,892.08,0.0
Likhitha Infrastructure Limited,1911.6,1911.6,0.0
Pioneer Financial and Management Services Ltd,3148.24,3148.24,0.0
Codeface Technologies,1411.28,1411.28,0.0
Peninsular Maritime India Pvt. Ltd.,27347.68,27347.68,0.0
indusnovateur.com,4790.8,4790.8,0.0
Africure Pharmaceuticals  Tanzania Ltd.,4517.04,4517.04,0.0
RAV Industries,684.4,684.4,0.0
SRI GANESH FORWARDERS,2166.48,2166.48,0.0
Hostack Software India Private Limited,1146.96,1146.96,0.0
A. C. Steel,382.32,382.32,0.0
Kalloor Electronics and Lighting Pvt Ltd,637.2,637.2,0.0
RISE AND SHINE CONTRACTING LLP,35480.24,35480.24,0.0
Pixelonicmedia llp,958.16,958.16,0.0
Sukan Engineering Pvt. Ltd.,3119.92,3119.92,0.0
Garagepreneurs Internet Private Limited,22169.84,22169.84,0.0
NOVASTRID IT VENTURES PRIVATE LIMITED,8920.8,8920.8,0.0
NOVA GRAPHICS LLP,1529.28,1529.28,0.0
VHS-IDMC,726.88,726.88,0.0
Axis Shipping ,273.76,273.76,0.0
SUPERNAL INFOTECH PRIVATE LIMITED,6372.0,6372.0,0.0
HINGE CLINICA,2053.2,2053.2,0.0
Blubirch,42409.2,42409.2,0.0
Accelequant India Private Limited,2950.0,2950.0,0.0
BIOMED HEALTHTECH PRIVATE LIMITED,509.76,509.76,0.0
Positive Moves India Consulting Pvt Ltd,741.04,741.04,0.0
CAKEWALK SOFTWARE CONSULTANCY LLP,4653.92,4653.92,0.0
Vison Labs,1274.4,1274.4,0.0
Movell Solutions,2548.8,2548.8,0.0
Doodle 'n' Hues,136.88,136.88,0.0
Safedata Solutions Private Limited,1019.52,1019.52,0.0
Pre-Time Taxation,1146.96,1146.96,0.0
IHOBS WORLD,2737.6,2737.6,0.0
TechGynt Infotech Private Limited,0.0,0.0,0.0
Integrated Geo Instruments & Services (P) Ltd.,1000.64,1000.64,0.0
Watermark Marketing Pvt. Ltd,12319.2,12319.2,0.0
Tamil Nadu Newsprint and Papers Limited,30491.2,30491.2,-0.0
SFAA AVIATION ACADAMY PVT LTD,684.4,684.4,0.0
esadhana,136.88,136.88,0.0
CEN Technologies Pvt Ltd,556.96,556.96,0.0
Semnox Solutions Private Limited,127.44,127.44,0.0
COUNSELINDIA SERVICES PRIVATE LIMITED,125528.4,125528.4,0.0
Laxmi Infobahn Private Limited,4106.4,4106.4,0.0
Nitya Software Solutions Inc,31180.32,31180.32,0.0
Aquila Mobility Solutions Pvt Ltd,684.4,684.4,0.0
V-CHQ Business Services India Pvt Ltd,1146.96,1146.96,0.0
studio8designs,637.2,637.2,0.0
Pacific Organics Pvt Limited,637.2,637.2,0.0
WINNGOO LTD UK,821.28,821.28,0.0
Indus Novateur Softech Private Limited,783.52,783.52,0.0
BASIL BIOSOLUTIONS,2600.72,2600.72,0.0
"Skoruz Technologies Pvt. Ltd.,",6978.05,6978.05,0.0
NS Polyglobe,127.44,127.44,0.0
AK Law Chambers,5725.36,5725.36,0.0
PC Solutions & Services,2780.08,2780.08,-0.0
Sanela Technologies Pvt ltd,136.88,136.88,0.0
DGS ASSOCIATES,5428.0,5428.0,0.0
INNOVATE,3186.0,3186.0,0.0
QA EDUCATION SOLUTIONS PRIVATE LIMITED,31401.22,31401.22,0.0
3S Engineering Solutions,254.88,254.88,0.0
Stargatefitout,9586.32,9586.32,0.0
Brio VSB,282.74,282.74,0.0
Mukunda Foods Private Limited,21650.64,21650.64,0.0
Mercury Management And Technical Services Private Limited,127.44,127.44,0.0
Royalux Lighting Pvt. Ltd.,684.4,684.4,0.0
Oriens Global Marketing Pvt. Ltd.,684.4,684.4,0.0
PAYCORP SOLUTIONS PRIVATE LIMITED,547.52,547.52,0.0
TopMindz,1368.8,1368.8,0.0
MINDFULL NUTRITION LLP,684.4,684.4,0.0
HueBright Colors and Inks Pvt. Ltd.,136.88,136.88,0.0
Dyota Dance Arena,127.44,127.44,0.0
GIBES.CO.IN,127.44,127.44,0.0
Yulu Bikes Private Limited,53468.16,53468.16,0.0
Elemec Industries,136.88,136.88,0.0
Almoh Media india Pvt. Ltd,8755.6,8755.6,0.0
Blupace India Pvt Ltd,14318.59,14318.59,0.0
Bellala and Raghavendra,1274.4,1274.4,0.0
Radioactive Technologies,254.88,254.88,0.0
Sfcprisms Solutions Private Limited,7655.84,7655.84,0.0
TechO2 India Pvt Ltd,2166.48,2166.48,0.0
Florence Shoe Company Pvt Ltd,10204.64,10204.64,0.0
nercsol.com,5734.8,5734.8,0.0
SDKP Pvt. Ltd.,821.28,821.28,0.0
Sterling Biotech Limited,145092.8,145092.8,0.0
AYATAS SOFTWARE SOLUTIONS INDIA PVT. LTD.,136.88,136.88,0.0
Randhawa Construction Private Limited,1505.68,1505.68,0.0
Bharat Motocorp Pvt Ltd,14655.6,14655.6,0.0
Global Tree Careers Private Limited,40379.6,40379.6,0.0
Fermbox Bio Pvt Ltd,31982.72,31982.72,0.0
Masterhealthpro India Private Limited,783.52,783.52,0.0
ELGRID ENGINEERING PRIVATE LIMITED,1368.8,1368.8,0.0
RELIANCE RASAYAN PVT LTD,382.32,382.32,0.0
TekGreen,410.64,410.64,0.0
Guava Digital,1656.72,1656.72,0.0
Trilokana Marketing Pvt ltd,821.28,821.28,0.0
TalentHut,2053.2,2053.2,0.0
Mitts Trays - Emails,556.96,556.96,0.0
Stanra Tech Solutions Pvt Ltd,3186.0,3186.0,0.0
4XFAST TECHNOLOGIES PRIVATE LIMITED,726.88,726.88,0.0
MACHINT SOLUTIONS PRIVATE LIMITED,2784.8,2784.8,0.0
ASSURGEN PHARMA PRIVATE LIMITED,127.44,127.44,0.0
Heartx Medical Private Limited,684.4,684.4,0.0
Bajaj Cement Prop.,410.64,410.64,0.0
Padiyar Associates,0.0,0.0,0.0
North Star Trade Links Private Limited,4768.71,4768.71,0.0
Audree Infotech Pvt Ltd,56904.32,56904.32,0.0
CLARUS AURA INDUSTRIAL LIGHTS PVT LTD,6815.68,6815.68,0.0
Sowrya Manikonda,3011.36,3011.36,-0.0
Techfour Engineering Solutions Private Limited,13999.52,13999.52,0.0
Law Chambers of R.V.Yogesh,547.52,547.52,0.0
SurveyHeart,3039.68,3039.68,0.0
Matdun Labs India Private Limited,5560.16,5560.16,0.0
GREEN ENERGY ENGINEERING (JV),2180.64,2180.64,0.0
Alekas Solutions Private Limited,1208.32,1208.32,0.0
CFCS Cloud Solutions Private Limited,547.52,547.52,0.0
Channelsoft IT Services Pvt Ltd,1274.4,1274.4,0.0
 Proov Identity Services Pvt. Ltd,783.52,783.52,0.0
SIMPLE INTEGRAL PRIVATE LIMITED,4106.4,4106.4,0.0
D2K Technologies India Pvt. Ltd.,37557.04,37557.04,0.0
AKLR & Co LLP,547.52,547.52,0.0
Service Lee Technologies Pvt. Ltd.,944.0,944.0,0.0
Process Point Technologies.,9373.92,9373.92,0.0
Develoscope Software Solutions Private Limited,382.32,382.32,0.0
Yogeshwar Enterprises,2053.2,2053.2,0.0
RBJ Technologies Pvt Ltd,7193.28,7193.28,0.0
Druva Data Solutions Pvt. Ltd,31694.8,31694.8,0.0
Celestial Meridian Shipping Private Limited,7816.32,7816.32,0.0
Spineor Webservices Pvt ltd,14919.92,14919.92,0.0
ICAR-National Academy of Agrcultural Research Management,40403.2,40403.2,0.0
COEXLION PRIVATE LIMITED,22268.96,22268.96,0.0
koide india pvt ltd,1274.4,1274.4,0.0
Ignitz Solutions Private Limited,637.2,637.2,0.0
Tattvika Advisors LLP,2685.68,2685.68,0.0
PRAXON TECHNOVATIONS,3285.12,3285.12,0.0
Social Welfare Department,2964.16,2964.16,0.0
Uttam Blastech Pvt Ltd,8480.9,8480.9,0.0
Web Expertt,1779.44,1779.44,0.0
StemTraining,637.2,637.2,0.0
SUNDARAM HEALTH CENTRE,11545.12,11545.12,0.0
WEBWISE INNOVATIONS PVT LTD,2463.84,2463.84,0.0
Ub Group,1958.8,1958.8,0.0
Embros Global Resources,637.2,637.2,0.0
Worivo Advisors,2180.64,2180.64,0.0
VRC Plastomould,3186.0,3186.0,0.0
Dubaibc,1146.96,1146.96,0.0
R & M INFRASTRUCTURE,1274.4,1274.4,0.0
GAC Consultants LLP,2053.2,2053.2,0.0
I&C TAX SOLUTIONS.,382.32,382.32,0.0
Bhagiradha Chemicals & Industries Limited,0.0,0.0,0.0
INFINITE IDEAS INTERIORS,1113.92,1113.92,0.0
SMRTHUB PRIVATE LIMITED,4205.52,4205.52,0.0
Sampat & Associates,136.88,136.88,0.0
CELON LABORATORIES PRIVATE LIMITED,249739.92,249739.92,0.0
Skalence Technologies,273.76,273.76,0.0
Singhvi Dev & Unni LLP,63134.72,63134.72,0.0
SIRIUS ZIP FASTENERS PVT LTD,2737.6,2737.6,0.0
babaitiffins.com,7051.68,7051.68,0.0
BRIJ RAJ MOTORS (P) LTD,3832.64,3832.64,0.0
HueBright Colors Pvt. Ltd.,637.2,637.2,0.0
TVS Mobility Private Limited,1768.23,1768.23,-0.0
Mount Talent Consulting Pvt Ltd,30798.0,30798.0,0.0
HUBLINKS MES,14537.6,14537.6,0.0
GemLab Laboratories,684.4,684.4,0.0
Ashwathh Partners,443.68,443.68,0.0
GREATINDIA MEDIA AND ENTERTAINMENT PRIVATE LIMITED,127.44,127.44,0.0
PRAKASH PUMP,6844.0,6844.0,0.0
ACPL FINVEST PRIVATE LIMITED,547.52,547.52,0.0
SKC Compliance Lab Private Limited,1231.92,1231.92,0.0
Mulherkar,3634.4,3634.4,0.0
Tranquil Web Solutions,382.32,382.32,0.0
SOC Experts,684.4,684.4,0.0
HEALTH QUADRA (OPC) PRIVATE LIMITED,637.2,637.2,0.0
Best Apps Business Solutions Pvt Ltd,15930.0,15930.0,0.0
pressfitindia.com,3969.52,3969.52,0.0
O365 Test Customer,18172.0,18172.0,0.0
SUKAN ENGINEERING PRIVATE LIMITED,2260.88,2260.88,0.0
NEXTENTI TECH PRIVATE LIMITED,3186.0,3186.0,0.0
Onyx communication,684.4,684.4,0.0
SCHERDEL PERFECT SPRINGS PRIVATE LIMITED,2737.6,2737.6,0.0
nStore Technologies Pvt. Ltd,684.4,684.4,0.0
EFUND TECHNICAL SERVICES PRIVATE LIMITED,1274.4,1274.4,0.0
Nablasol Digital Services Pvt. Ltd,556.96,556.96,0.0
Jaya Sharma and Associates,657.02,657.02,0.0
Spell Consultancy Services,382.32,382.32,0.0
Precitec Precision Machineries Pvt Ltd,7316.0,7316.0,0.0
HttpCart Technologies Private Limited,8486.56,8486.56,0.0
brioperk.co.in,4130.0,4130.0,0.0
D N Dokania & Associates,476.72,476.72,0.0
PUKHRAJ LOGISTICS,637.2,637.2,0.0
Bulfro Monitech Pvt. Ltd.,2463.84,2463.84,0.0
Sharad Insulations & Interiors Pvt. Ltd.,2053.2,2053.2,0.0
Tridots Tech Private Limited,5475.2,5475.2,0.0
Lead Central,2548.8,2548.8,0.0
Consummate Taxation,547.52,547.52,0.0
Clustrhub Computing India Pvt. Ltd,254.88,254.88,0.0
Suns Legal,1194.16,1194.16,0.0
Technix Serv IT solutions,127.44,127.44,0.0
Madhu Medical Solutions LLP,2737.6,2737.6,0.0
Xfrate,2737.6,2737.6,0.0
TechRobots Inc,2326.96,2326.96,0.0
RAMA KRISHNA ELECTRO COMPONENTS PVT LTD,684.4,684.4,0.0
Pixel Stamps,410.64,410.64,0.0
Nitara Primes Pvt Ltd,136.88,136.88,0.0
CLOUDPERITUS (INDIA) PRIVATE LIMITED,5900.0,5900.0,0.0
AMN Lifescience Pvt Ltd,476.72,476.72,0.0
Orrizonte Technologies Private Limited,273.76,273.76,0.0
High Wall Home Decor LLP,254.88,254.88,0.0
R S Bajaj and Associates,1916.32,1916.32,0.0
Pellets Pharma Limited,23954.0,23954.0,0.0
Ajeet Management and Manpower Consultancy,5734.8,5734.8,0.0
OJASVIBHARAT CONSULTANCY SERVICES LLP,235.62,235.62,0.0
OrangeScape Technologies,892.08,892.08,0.0
Ak Automation Systems,2293.92,2293.92,0.0
PRIMEFACT LABS PRIVATE LIMITED,382.32,382.32,0.0
Radix Soft,4078.08,4078.08,0.0
Rigtcom Geo Services LLP,26247.92,26247.92,0.0
BodhtreeUSA,15160.64,15160.64,0.0
Skillique International LLP,273.76,273.76,0.0
REAL TALENT ENGINEERING PRIVATE LIMITED,39128.8,39128.8,0.0
GCR Foods and Beverages Private Limited,821.28,821.28,0.0
srsadvisors.com,2973.6,2973.6,0.0
HLL GLOBAL SHIPPING LLC,20532.0,20532.0,0.0
Go Digital Path,3568.32,3568.32,0.0
Anant Shri Veda Private Ltd,410.64,410.64,0.0
NEOBIZZ ADVISORS LLP,2737.6,2737.6,0.0
Axis Concepts Capstone Private  Limited,783.52,783.52,0.0
Welkin Convergence Pvt Ltd.,6372.0,6372.0,0.0
Forekor Technologies Private Limited,1274.4,1274.4,0.0
Sett Consultant,6844.0,6844.0,0.0
EWA Healthcare Solutions Private Limited,410.64,410.64,0.0
Syntaxnow It Solutions Pvt Ltd,1368.8,1368.8,0.0
Midas Management and Research,26096.88,26096.88,-0.0
AR Toys & Techniks India Private Limited,547.52,547.52,0.0
StudentOpt,637.2,637.2,0.0
OTS Consulting Services,37292.72,37292.72,0.0
DeDote,1911.6,1911.6,0.0
Sirius Management Consulting,38987.2,38987.2,0.0
infinxinc.com,164.26,164.26,0.0
Olympic Industrials,3148.24,3148.24,0.0
Relfood,2180.64,2180.64,0.0
Transacdesk,127.44,127.44,0.0
Ultraa Pack Industires Pvt Ltd,547.52,547.52,0.0
Greencore Electronics Private Limited,5097.6,5097.6,0.0
SANGUINE SUPPLY CHAIN SOLUTIONS LLP,1784.16,1784.16,0.0
SRV Consultancy & Manpower Agency,127.44,127.44,0.0
RNR Consulting Pvt. Ltd,8486.56,8486.56,0.0
WebX Integrated Marketing Solutions,215.42,215.42,0.0
Innovation IT Solutions,1685.04,1685.04,0.0
Bridgesoft Solutions,34314.4,34314.4,0.0
GAA & Co,821.28,821.28,0.0
JYOLA FARMS,127.44,127.44,0.0
RT Consulting,273.76,273.76,0.0
Mohammed Inayathulla Contractor Private Limited,1401.84,1401.84,0.0
Techleaf Systems Pvt Ltd,2232.56,2232.56,0.0
ASTRA OVERSEAS EDUCATION CONSULTANCY PVT LTD,764.64,764.64,0.0
ABACULUS,1642.56,1642.56,0.0
SEALINK FASHION PRIVATE LIMITED,1784.16,1784.16,0.0
Aspire Management Solution Pvt. Ltd.,2190.08,2190.08,0.0
CloudScouts Technology Services,9742.08,9742.08,0.0
Q One Services,684.4,684.4,0.0
Addverb Technologies Limited,70800.0,70800.0,0.0
Saiosys Pvt Ltd,1779.44,1779.44,0.0
ITCC,13730.48,13730.48,0.0
The Insight Partners,39020.24,39020.24,0.0
Magnah Law Partners,11766.96,11766.96,0.0
HealthAnlytx Pvt Ltd,764.64,764.64,0.0
ekata earth pvt ltd,3917.6,3917.6,0.0
takeooff,3422.0,3422.0,0.0
Reliable Fashions India Pvt Ltd.,12517.44,12517.44,0.0
SEMIKSHA SEMICONDUCTORS PRIVATE LIMITED,5479.92,5479.92,0.0
Maxdatsys Technologies,136.88,136.88,0.0
Amicus Services,8057.04,8057.04,0.0
Avniro Technologies PTE LTD,4852.16,4852.16,0.0
Ticvic Technologies Pvt Ltd,14108.08,14108.08,0.0
NITALAKSHAYA AGRI LLP,382.32,382.32,0.0
"ABAL Technologies, Inc",22193.44,22193.44,-0.0
PAISAPLAN FINANCIAL SERVICES PRIVATE LIMITED,3865.68,3865.68,0.0
DocsNPacks,1770.0,1770.0,0.0
Bodhtree Consulting Limited,50348.24,50348.24,0.0
Lane Global Logistics,254.88,254.88,0.0
Saanvi FashionS,590.0,590.0,0.0
Finfox Technologies,1911.6,1911.6,0.0
Law Assist,3884.56,3884.56,0.0
SFS,1685.04,1685.04,0.0
Altius Tech Insurance Broking Private Limited,1274.4,1274.4,0.0
Dhanalaxmi Iron Industries Pvt.Ltd,5900.0,5900.0,0.0
Aspire Scientific,410.64,410.64,0.0
Cyber Sphere IT Service India Pvt Ltd,2463.84,2463.84,0.0
A S AMARANATH & CO.,892.08,892.08,0.0
Bobton IT Solutions Pvt Ltd,3327.6,3327.6,0.0
Andaman Holidays Private Limited,958.16,958.16,0.0
Fertis India Pvt. Ltd.,4979.6,4979.6,0.0
BLUE PANDA LABS,136.88,136.88,0.0
sniperindia.com,2218.4,2218.4,0.0
prasuhaaa Group,1779.44,1779.44,0.0
Swalava Enterprises Private Limited,273.76,273.76,0.0
SKADE MINERALS LLP,2737.6,2737.6,0.0
ARJUN EDUCATIONAL,5475.2,5475.2,0.0
Farmgirls Farms,136.88,136.88,0.0
MUKUNDHAA NETWORK PRIVATE LIMITED,26432.0,26432.0,0.0
BEMAHIKA TECH PRIVATE LIMITED,1368.8,1368.8,0.0
Jarvis Business Solutions,19710.72,19710.72,0.0
Hedge & Sachs,6754.32,6754.32,0.0
INBISO ENGINEERING PRIVATE LIMITED,1019.52,1019.52,0.0
ThoughtData Software India Pvt Ltd,1401.84,1401.84,0.0
Karneet Enterprises (India) Pvt Ltd,4521.76,4521.76,0.0
2b Sourcing,136.88,136.88,0.0
Element Tree,2874.48,2874.48,0.0
AlgonoX Technologies,15056.8,15056.8,0.0
DIRECTORATE OF URBAN LAND TRANSPORT,726.88,726.88,0.0
1POINT1 SOLUTIONS,0.0,0.0,0.0
PANJI ENGINEERING PRIVATE LIMITED,2053.2,2053.2,0.0
VIJAYALAKSHMI TOURS,136.88,136.88,0.0
COREVISION TECHNOLOGY PRIVATE LIMITED,30014.48,30014.48,0.0
ENGINERIO TECHNOLOGY SOLUTIONS LLP,1368.8,1368.8,0.0
Ecofinity Projects LLP,2053.2,2053.2,0.0
VHS CDC Project Nirantar,3143.52,3143.52,0.0
VDT,1113.92,1113.92,0.0
Raman Solutions,509.76,509.76,0.0
Win-Win Automobiles Pvt. Ltd,1368.8,1368.8,0.0
Jinactus Consulting Private Limited,764.64,764.64,0.0
BUILTEN ARCHITECTURE AND DESIGN CONSULTANCY,2600.72,2600.72,0.0
Innobox Systems Pvt Ltd,127.44,127.44,0.0
MBG Corp,254.88,254.88,0.0
Algonox Technologies Private Limited,1642.56,1642.56,0.0
Poonam IT Consulting Services Private Limited,11082.56,11082.56,0.0
HDBRTS Co Ltd.,136.88,136.88,0.0
EDGEFLEX SOLUTIONS PRIVATE LIMITED,3823.2,3823.2,0.0
Anemo Prime Pvt Ltd,10931.52,10931.52,0.0
Basil Hotels Pvt. Ltd,7670.0,7670.0,0.0
prodigygroupindia.com,11856.64,11856.64,0.0
KRGB BUSINESS SOLUTIONS PRIVATE LIMITED,273.76,273.76,0.0
Mount Meru India Private Limited,4205.52,4205.52,0.0
ABSOLUTE BARBECUE PVT. LIMITED,76379.04,76379.04,0.0
ILENSYS TECHNOLOGIES PVT. LTD.,99719.44,99719.44,-0.0
U-To Solutions Pvt Ltd.,6296.48,6296.48,0.0
Astraea Solutions Pvt. Ltd,5097.6,5097.6,0.0
MYAIRBOOK TECHNOLOGIES PVT LTD,2053.2,2053.2,0.0
SIDDHARTH CARBOCHEM PRODUCTS LTD,868.48,868.48,0.0
Omm Montras Sales & Distributions Pvt. Ltd.,1000.64,1000.64,0.0
AVTEC Limited,5748.96,5748.96,0.0
Teknic Electromeconics Pvt Ltd,410.64,410.64,0.0
Neural Integrated Systems Pvt Ltd,4517.04,4517.04,0.0
Sriram Enterprises,958.16,958.16,0.0
Technoflair Solutions India Private Limited,4790.8,4790.8,0.0
WMU,2950.0,2950.0,0.0
iTriangle Infotech Private Limited,19271.76,19271.76,0.0
JBS Architects Colab,547.52,547.52,0.0
Metronation Chennai Television Pvt. Ltd.,39341.2,39341.2,0.0
Brio Technologies - Solo,273.76,273.76,0.0
PS Engineering,410.64,410.64,0.0
NESTAVERA GROUP,18172.0,18172.0,0.0
WebGuru Mumbai,1095.04,1095.04,0.0
Bagson,2190.08,2190.08,0.0
Leading Cadre HR ,136.88,136.88,0.0
Druva Data Solutions Pvt. Ltd.,4460.4,4460.4,0.0
Unistone Capital - Over On One,726.88,726.88,0.0
XYMER LOGISTICS LLP,273.76,273.76,0.0
PSP DYNAMIC PVT. LTD,4927.68,4927.68,0.0
AforBusiness,1453.76,1453.76,0.0
Sanjay Wood Packers Pvt Ltd,410.64,410.64,0.0
 Topiox Research Centre Pvt. Ltd.,2180.64,2180.64,0.0
nStore Retech Private Limited,18341.92,18341.92,0.0
Flowchem Pharma Pvt. Ltd,4842.72,4842.72,0.0
ZICR HOSPITALITY SERVICES PRIVATE LIMITED,547.52,547.52,0.0
CTC SPEED LOGISTICS PVT LTD,1368.8,1368.8,0.0
Church Street ESolutions Private Limited,0.0,0.0,0.0
Arab Sea Shipping FZE,136.88,136.88,0.0
Merabt Technologies Pvt Ltd,273.76,273.76,0.0
Applied Brain,684.4,684.4,0.0
Hocon Technologies India Pvt Ltd,2770.64,2770.64,0.0
The Dollar Business,248234.24,248234.24,0.0
Constellor,382.32,382.32,0.0
Wilmer Technologies LLP,2596.0,2596.0,0.0
West Agile IT Labs India Pvt. Ltd,2628.1,2628.1,0.0
xcubelabs.com,3634.4,3634.4,0.0
Adjoint Technologies Private Limited,3422.0,3422.0,0.0
Pangean Global Services Private Limited,1180.0,1180.0,0.0
Cloud Annotation Private Limited,4927.68,4927.68,0.0
Sanjay Hazarika & Co,391.76,391.76,0.0
vestrosolvents.com,783.52,783.52,0.0
SRIT INDIA PRIVATE LIMITED,254.88,254.88,0.0
Seertree Global Services Pvt. Ltd.,1670.88,1670.88,0.0
GAAQ CONSORTIUM,1180.0,1180.0,0.0
IHXCLOUD PRIVATE LIMITED,5097.6,5097.6,0.0
QUADRILLION FINANCE PRIVATE LIMITED,43716.64,43716.64,0.0
Junto Creative,892.08,892.08,0.0
Innoworx Technology Services LLC,1368.8,1368.8,0.0
Excel Industrial Packagings Pvt Ltd,4653.92,4653.92,0.0
BOH SOLUTION,12464.21,12465.24,-1.03
Quest InfoTech Solutions,854.08,855.7,-1.62
Master Tax Accounting Services LLP,3891.76,3895.5,-3.74
Silvo Cale Techno Private Limited,2417.26,2421.36,-4.1
Lesconcierges Services Pvt Ltd,3318.74,3323.0,-4.26
Threeplus,406.23,410.64,-4.41
BTPL India,2483.37,2488.05,-4.68
A & A International,103.84,108.56,-4.72
SOUTHERN SPECHEM LLP,1196.32,1201.54,-5.22
DigiGrain Solutions Private Limited,3139.41,3148.24,-8.83
Cyberozone Consulting,127.44,136.88,-9.44
Bitejoy foods,127.44,136.88,-9.44
Value Relay Private Limited,127.44,136.88,-9.44
Brainbox Communications,254.88,273.76,-18.88
Narasimha Murthy & Company,4337.83,4361.28,-23.45
Blue Ridge Unit A Tower 1 to 8 CHS Ltd.,637.2,684.4,-47.2
Freight Xpert Logistics Private Limited,2039.04,2088.38,-49.34
CRESCENT TAX COMPLIANCE PRIVATE LIMITED,26512.57,26563.53,-50.96
General Manufacturing corporation,3161.66,3219.04,-57.38
AEGIS LOGISTICS LTD,2430.1,2490.0,-59.9
NextGen Invitro Diagnostics Pvt Ltd,7457.3,7518.96,-61.66
Simplilearn Solutions Private Limited,3955.84,4018.6,-62.76
CloudFulcrum India Private Limited,38878.64,38944.41,-65.77
VARUTRA CONSULTING PRIVATE LIMITED,5748.96,5823.06,-74.1
Sequel Logistics Pvt Ltd,33704.91,33781.04,-76.13
Vector India Pvt Ltd,14731.12,14815.02,-83.9
LABNEEDS,1368.8,1453.76,-84.96
QUSTRAT DIGITAL PRIVATE LIMITED,6816.14,6914.96,-98.82
Ziproles Enterprises,56429.42,56541.15,-111.73
MoEngage India Pvt Ltd,6499.44,6614.55,-115.11
AVAASA REALTORS PRIVATE LIMITED,7344.32,7471.76,-127.44
Puranik Builders Limited,995.92,1125.34,-129.42
ClickAway Creators LLP,3974.0,4106.4,-132.4
CreativeXperts Consulting Pvt Ltd,6437.77,6570.24,-132.47
EVOLVUS SOLUTIONS PRIVATE LIMITED,5680.59,5816.26,-135.67
My Choice Sarees Pvt. Ltd.,35705.55,35845.88,-140.33
BRIGHT FUTURE,1543.75,1685.04,-141.29
VISHWABHARTI AUTOMOBILES PVT LTD,4640.75,4790.8,-150.05
SANKALP PLACEMENTS INDIA LLP,1480.39,1640.27,-159.88
SKC ENVIRON LAB PVT LTD,2638.48,2798.96,-160.48
RYNA IT SOLUTIONS PRIVATE LIMITED,2548.8,2737.6,-188.8
ADITYA PARK HOTEL,2676.24,2874.48,-198.24
Paycorp Solutions Private Limited,11296.94,11531.27,-234.33
Success Engineers,3422.0,3669.28,-247.28
Mount Fab Packaging LLP,2067.36,2322.55,-255.19
Innotech Integration Services Pvt Ltd,1784.16,2055.5,-271.34
Showtime Group,45036.51,45310.17,-273.66
Facto Technology Pvt Ltd,1642.56,1922.71,-280.15
SALESWINNR TECHNOLOGY SOLUTIONS PRIVATE LIMITED,17337.99,17636.69,-298.7
7Rays Semiconductors Pvt Ltd,24224.93,24569.32,-344.39
Konark Solartech Solutions,892.08,1253.84,-361.76
SysCAD Engineering Pvt Ltd,5225.04,5612.08,-387.04
Obopay Mobile Technology India Pvt. Ltd.,5296.17,5696.46,-400.29
iLenSys Technologies Private Limited,24205.38,24624.67,-419.29
cirrusrays,7974.91,8398.79,-423.88
VIKRANT IRON PRIVATE LIMITED,96561.3,97066.55,-505.25
TAC Security,17944.38,18478.8,-534.42
Petregaz Krishnapatnam Pvt. Ltd.,47661.5,48224.24,-562.74
Hytech Seed India Private Limited,7714.43,8282.32,-567.89
Synthesis Solutions LLP,120369.35,120948.09,-578.74
ITISH Business Solutions,22674.0,23260.16,-586.16
odwen,17312.96,17946.06,-633.1
GK ANALYTICS,2501.48,3145.08,-643.6
Renaatus Projects Private Limited,23577.16,24221.04,-643.88
Gretel Network Of Aircrafts & Turbine Engines Aviation Pvt Ltd,3823.2,4480.93,-657.73
Annet Technologies (Gujarat),679320.02,680000.11,-680.09
Pradeep Computers,254.88,939.28,-684.4
Xavica Primary,5479.92,6199.37,-719.45
RUHI ENTERPRISES,20057.2,20805.65,-748.45
Reflections Info Systems PVT LTD,28072.76,28838.14,-765.38
EatClub Brands Pvt Ltd,27376.0,28170.79,-794.79
NOMUS COMM-SYSTEMS PVT. LTD,5031.57,5862.04,-830.47
Smart Building Engineering,509.76,1352.52,-842.76
FRESHLEARN GLOBAL,3607.06,4455.5,-848.44
P.B.L TRANSPORT CORPORATION PRIVATE LIMITED,31864.72,32714.32,-849.6
Brochill internet pvt Ltd,5713.51,6636.32,-922.81
Opcito Technologies Private Limited,136148.4,137088.62,-940.22
Digital Nirvana Information Systems (India) Pvt Ltd,2190.08,3143.8,-953.72
Scignyte Private Limited,2260.88,3342.67,-1081.79
Furniture World,14971.84,16076.32,-1104.48
Tandon Holding Limited,27330.38,28485.46,-1155.08
TRDFIN Support Services Private Limited,303096.63,304340.56,-1243.93
Precedence Research Private Limited,28438.0,29718.54,-1280.54
mafclothing.com,50673.57,51967.2,-1293.63
TribolaTech India LLP,14547.04,15960.0,-1412.96
QiWorks Creations Pvt. Ltd.,14406.35,15858.45,-1452.1
4seer Technologies Pvt Limited,19774.8,21258.88,-1484.08
Hyniva,15930.0,17533.27,-1603.27
23 Degree Design Shift,2799.48,4413.05,-1613.57
QualMinds Technologies Pvt Ltd,47445.44,49144.64,-1699.2
Forum Malls,1703.92,3407.84,-1703.92
Secutech Automation India Pvt Ltd,17450.14,19290.18,-1840.04
1to1help.net,153112.08,155100.87,-1988.79
Oreops Framework Private Limited,159652.98,161765.29,-2112.31
20Cube Logistics Solutions Private Limited,44681.81,46813.39,-2131.58
Sclera,289534.24,291878.9,-2344.66
Aion Tech Solutions Ltd (ATS),37417.09,39872.27,-2455.18
CHADHA AND CHADHA,60582.88,63223.94,-2641.06
PurpleTalk,157961.39,160678.16,-2716.77
95 Techno,6372.0,9109.6,-2737.6
MESMER PHARMACEUTICALS,29048.42,31906.73,-2858.31
Tradewell Securities Ltd,3724.39,6740.16,-3015.77
INTUITOR SOFTTECH SERVICES PVT LTD,11634.8,14676.37,-3041.57
Tatva Legal,115654.16,118862.24,-3208.08
CUMULATIVE VENTURES LLP,1642.56,5050.57,-3408.01
CentraLogic Consultancy Pvt Ltd,0.0,3610.82,-3610.82
Escon Gensets Pvt Ltd,163009.34,166626.8,-3617.46
Enerfra Projects (India) Pvt Ltd,15023.76,18658.16,-3634.4
Ladida,163.7,3951.46,-3787.76
PIERSOFT TECHNOLOGIES,13003.6,16803.91,-3800.31
BAIN GLOBAL RESOURCES LLP,9392.8,13543.33,-4150.53
Sukino Healthcare Solutions Pvt. Ltd,8224.22,12475.74,-4251.52
Unisis Systems And Solutions (India) Pvt Ltd ,13678.56,18479.41,-4800.85
Manaksia Coated Metals & Industries Limited,2978.32,8234.39,-5256.07
Intelogixs Research Private Limited,49922.85,55222.83,-5299.98
EQUENTIA SCF TECHNOLOGIES PVT LTD ,505.04,6154.88,-5649.84
Aumni  Techworks LLP,12535.54,19876.36,-7340.82
CentriX Projects,17200.74,24568.54,-7367.8
SHAR PROJECTS PRIVATE LIMITED,18726.55,26100.89,-7374.34
Eram Power Electronics Private Company,461089.46,468606.71,-7517.25
TATTVAM  CO.,19637.83,27536.48,-7898.65
DataCorp Traffic Private Limited,81193.44,89141.33,-7947.89
Phil Group World,726.88,11278.38,-10551.5
Cerebral Technologies Inc,114615.76,125190.65,-10574.89
Mirafra Software Technologies Pvt Ltd,321430.35,333386.98,-11956.63
nFaktor Solutions Pvt.Ltd,22278.4,35171.67,-12893.27
Associated Law Advisers,726.88,14537.6,-13810.72
Code Facts IT Solutions Pvt. Ltd,12472.17,27286.8,-14814.63
Data Semantics Pvt Ltd,291293.16,306307.08,-15013.92
bgrmining.com,4106.4,19776.8,-15670.4
Suitefy Cloud Solutions Pvt. Ltd,6401.21,23400.87,-16999.66
GSTZen,13288.8,39001.9,-25713.1
Bert Labs Private Limited,8681.98,43597.64,-34915.66
PILOG India Private Limited,454838.28,497546.89,-42708.61
TATA CHEMICALS LIMITED,857239.62,903246.08,-46006.46
Winfo Solutions,16156.55,83027.51,-66870.96
Aapkapainter Solutions Pvt Ltd,411127.63,481589.29,-70461.66
SKKEWTOSIS EDTECH PRIVATE LIMITED,10216.57,86765.35,-76548.78
Ray Life Sciences Private Limited,7939.04,92115.82,-84176.78
Kaveri University ,764.64,208277.32,-207512.68
Vestrics Solutions Private Limited,24634.62,333533.55,-308898.93
Ceremorphic Technologies Private Limited,31796.28,,
galaxytechnical,764.64,,
FRESHLEARN LLP,158.88,,
ASCHER JEWELS PRIVATE LIMITED,684.4,,
Sreeb Technologies Pvt Ltd,14940.25,,
EHOOK SYSTEMS PRIVATE LIMITED,764.64,,
    Jupiter  Lifeline Hospital Ltd,2964.16,,
Itellisecure Pvt Ltd,2499.46,,
ZAPS MARKETING PRIVATE LIMITED,,14699.61,
CUMULATIVE CAPITAL PRIVATE LIMITED,,5413.84,
National Institution For Quality And Reliability Bangalore,,547.52,
ZEDLEAP International Pvt Ltd,,53.01,
Evoke Global,,4710.56,
Polygon Media,,2737.6,
EMPOR MARCOM LLP,,6159.6,
FCG ADVISORS LLP,,1368.8,
Impulse B2B Solutions,,1779.44,
S R Infosystem,,547.52,
Polytronics Enterprises LLP,3025.52,,
Gourmethub,127.44,,
TEKGREEN RETAILS PRIVATE LIMITED,26.48,,
Cambridge Technology Enterprises Limited,127566.56,,
Onezeroone Technologies Private Limited,410.64,,
Hyderabad Institute of Oncology Private Limited,37372.96,,
Top Attest,637.2,,
Pointel Solutions India Private Limited,0.0,,
VENTURESATHI BUSINESS SERVICES LLP,5962.62,,
Raas Infotek,13410.23,,
MainStay People Consulting LLP,36513.92,,
Tritainer,509.76,,
Nxtify Technologies Private Limited,0.0,,
Aquil Media,5446.88,,
Taevas Life Sciences Private Limited,88.26,,
Sampoorna Feeds Pvt. Ltd,4460.4,,
Ideal Experiential Learning Private Limited,4040.32,,
Alwafaa Group,1274.4,,
ATS SHARE BROKERS PVT LTD,,4106.4,
GLOWTOUCH TECHNOLOGIES PRIVATE LIMITED,,273.76,
Nova Aurora Blockchain Technologies Private Limited,,273.76,
INDIA UNITED TEXTILE MILL LIMITED,,136.88,
AIWT Development Society,,273.76,
Voltx Power Ltd,,91849.04,
We Are Very. In,,451.04,
Woodland (Aero Club) Private Limited,,10096.56,
Samsara Surfaces,,1821.92,
INTERVUEVET TECHNOLOGIES PRIVATE LIMITED,,0.0,
WWIPL,,3969.52,
New light seas LLC,,410.64,
Thrymr Software Private Limited,,2646.22,
OrangeScape Technologies Limited,,273.76,
TECH DIGGERS PRIVATE LIMITED,,684.4,
Triumph Services FZ LLE,,1231.92,
Vedantu Innovation ,,590.0,
SM Technologies,,150186.82,
Tejarisolutions Pvt Ltd,,2288.26,
kimshospitals.com,,5900.0,
Infusion Solutions,,4106.4,
Freyr Software Services PVt Ltd,,273.76,
TechnoSphere,,28980.8,
Lexdash Technologies LLP,,5913.24,
Brio Shaikh,,0.0,
ANANTSHRIVEDA PRIVATE LIMITED,26.48,,
Avaan Academy,1399.63,,
Visa Council,2548.8,,
Nutridose,254.88,,
Browser Contacts,2293.92,,
SAERA KETO EV PRIVATE LIMITED,1274.4,,
Mindlogicx Infratec Limited,1482.08,,
