customerName,customerId,customerDomainName,maxQuantity
NoBroker Technologies Solutions Pvt Ltd,60d0cf59-be8e-4485-ad16-057dc5b1bce1,nobroker.in,1000.0
Mirafra Software Technologies Pvt Ltd,7be66c91-cab4-442a-8f0f-4b0f91b44c7c,mirafra2.onmicrosoft.com,700.0
ZISPL,ff6e1b69-272e-4b15-835a-954f9115597a,zispl.com,500.0
The Dollar Business,86618d83-832a-4160-a66b-b860822c7e15,thedollarbusiness.com,310.0
ILENSYS TECHNOLOGIES PVT. LTD.,5b5095c1-86b9-4a36-9196-f6a16fe048f5,ilensys.com,300.0
ABSOLUTE BARBECUE PVT. LIMITED,c14676c2-2297-4766-ac91-266ffd443002,absolute-barbecue.com,300.0
Jumbotail Technologies Private Limited,b861db0b-3c1e-4c4d-962b-d7bff4ee91b1,jumbotail.com,300.0
Annet Technologies (Gujarat),7f6ec862-e29c-4e32-8fc8-192ac66cfdca,annet50.onmicrosoft.com,300.0
TRDFIN Support Services Private Limited,ce869ded-002d-4b95-ac13-1496c7585c63,trdfin.in,300.0
Global Tree Careers Private Limited,317bb271-825c-412a-b618-e76c7f845528,globaltree.co.in,295.0
CELON LABORATORIES PRIVATE LIMITED,67bc1e01-c4b2-4d0b-bbaa-6d61735ee410,celonlabs.com,290.0
1to1help.net,93698627-0574-46ba-9592-ca538bad4e02,1to1help.net,287.0
D2K Technologies India Pvt. Ltd.,5366b679-3862-41b8-953c-530969491bc3,d2kindia.com,275.0
Nitya Software Solutions Inc,ada8f7d6-a4c9-4d8e-9ac5-744da359793d,nityainc.com,260.0
Metronation Chennai Television Pvt. Ltd.,db51d49d-9126-40bf-a184-9b351b776c10,dttv.in,255.0
COUNSELINDIA SERVICES PRIVATE LIMITED,437f99cc-7708-4608-a8fe-93d4eb5b48e5,counselindiaservices.in,250.0
Ceremorphic Technologies Private Limited,adeafed9-d7d2-42f5-86d1-022e3b0a0d9e,ceremorphic.com,250.0
Hyderabad Institute of Oncology Private Limited,2bc8e658-286b-4b68-98f3-7a8733997787,omegahospitals.com,250.0
Serole Technologies,4735b09f-18fc-4163-93dc-59129d324ff2,serole.com,247.0
C. R. Narayana Rao (Consultants) Private Limited,ab1c50ad-954d-4374-8980-af0c21358bab,crn.co.in,246.0
Singhvi Dev & Unni LLP,4f90c7e3-7129-4377-ab8c-1546c00d47ac,sdu.works,236.0
RISE AND SHINE CONTRACTING LLP,6c1cf484-37a4-4c55-9997-d459278fe075,rnsworld.onmicrosoft.com,234.0
Mirafra Software Technologies Pvt Ltd,3291c69e-4352-414b-8e4e-e6e098a61d30,mirafra.onmicrosoft.com,225.0
Mount Talent Consulting Pvt Ltd,53b73801-9152-4691-8d15-7d5b0a28f502,mounttalent.com,225.0
Data Semantics Pvt Ltd,86fb359e-1360-4ab3-b90d-2a68e8c007b9,DSglobal.onmicrosoft.com,225.0
iTriangle Infotech Private Limited,154f6004-4a4c-482c-baff-e98a112cb010,itriangle.in,216.0
OTS Consulting Services,2fc743eb-11b5-439a-b1c3-bdb1c5b08f7d,otsconsultingservices.com,212.0
Sterling Biotech Limited,b3c1c149-7eac-4058-b686-48f6ea6548ba,perfectdaybio.com,212.0
Audree Infotech Pvt Ltd,87596005-68b1-4e6d-a015-9bb1eac2ee5c,audreeinfotech.com,205.0
Midas Management and Research,e6bd6cbd-5bbc-46f9-b7f6-315072511a61,midasconsulting.org,200.0
MESMER PHARMACEUTICALS,bdcaff72-ed13-4f74-a1ac-6c6768994862,iconlife.in,198.0
iLenSys Technologies Private Limited,ac7a9f9c-24b9-4e86-98ec-e26905ac758d,"",180.0
Goldstone Technologies Limited,a21fb5ca-d2bd-4ebb-b624-dc91a41aec88,goldstonetech.com,177.0
Opcito Technologies Private Limited,7cad185a-c463-46e3-ae25-fec131d6f066,opcito.com,168.0
Sakshath Technologies Private Limited,2cf1acae-9c51-41af-80e7-36c91d69644b,sakshath-technologies.com,163.0
Unisis Systems And Solutions (India) Pvt Ltd ,f44e3ffd-9b3e-4eb0-b5ef-9a8a75a91dbd,medassolutions.com,160.0
QualMinds Technologies Pvt Ltd,60e3a48c-63bc-439d-94d2-31f18ddcff5e,qualminds.com,160.0
Accord Life Spec Pvt Ltd,4d71c3cc-4603-41e7-aa7e-449218c1e903,teyro.com,158.0
Studio Parametric architects (India) Pvt Ltd,4c75d0ca-6dc7-4b64-8c2f-080c49a8ceae,studioparametric.com,150.0
Jarvis Business Solutions,91dcf032-5c0c-4086-95cf-fc6aa39ad7fa,jarvisbusiness.io,150.0
Mukunda Foods Private Limited,05ddaa7c-49b1-45fe-9f1a-3a0955dba2f7,mukundafoods.com,147.0
DataCorp Traffic Private Limited,a30255c6-b827-437a-8dc0-11cbf1e3d6f9,datacorptraf.onmicrosoft.com,141.0
Bridgesoft Solutions,38682bc4-20d9-495b-bdb4-2c7caa87177e,bridgesoftsol.com,140.0
foremenfiefdom.com,ca232dbe-be47-4c57-9d1f-adf0314c1505,foremenfiefdom.com,135.0
Thrymr Software Private Limited,40f7b4ab-0420-4ca0-b5da-8fc65e333053,thrymr.net,134.0
Tandon Holding Limited,1a7e2ec9-5456-455c-bafa-46e0257078bf,tandongroup.com,125.0
Datagrokr Analytics Private Limited,a82e3020-b5f0-4306-905e-21eebbf21888,datagrokr.com,125.0
Kerala Solid Waste Management Project (KSWMP),2e17271a-af8d-47cb-a138-1bd58334a3d8,kswmpind.onmicrosoft.com,125.0
Puranik Builders Limited,f0c84a3d-c411-4386-bc42-9fb15db1f7cc,puraniks.in,125.0
Manaksia Coated Metals & Industries Limited,07c92925-f3fa-43fb-a09b-3a97204a9fb0,mcmil.in,122.0
Tatva Legal,04ef952a-d3ab-467d-ae80-e5789bd8cbb8,tatvalegal.com,119.0
TAC Security,c9c5b89e-8ca7-4778-895e-24f9815c9636,tacsecurity.com,115.0
Best Apps Business Solutions Pvt Ltd,9d3c49d7-dc9e-44e4-918a-bf924eb68c39,bestappsbs.com,115.0
Furniture World,9cb09ef3-ded8-4227-a5e4-a862086805fd,furnitureworldindia.com,114.0
Bodhtree Consulting Limited,8e798093-a1fa-454c-b6d1-12e4b18168b3,bodhtree.com,113.0
CentriX Projects,cc59da00-f4a1-48d8-a716-ab1fa8c47b3f,centrixprojects.com,110.0
Vestrics Solutions Private Limited,01384a9c-6858-43f0-921c-389974016c80,vestrics.in,110.0
Spineor Webservices Pvt ltd,9d0c2a12-9a96-4c63-b808-9ae196caa550,spineor.com,109.0
Vector India Pvt Ltd,ec068de5-c079-4692-9e9a-62d63332ad65,vectorindia.org,108.0
Hyniva Consulting Services Pvt Ltd,997ee121-2c57-4326-943a-b268a4ed5415,Hyniva.onmicrosoft.com,108.0
Bharat Motocorp Pvt Ltd,24abd7ec-cfe4-4288-8d04-9387012ab716,bharatgroupe.com,105.0
MAHINDRA EMARKET LIMITED,7b729cfa-b23d-4692-ba81-f1e3c131623f,m2all.com,105.0
"ABAL Technologies, Inc",e2677a81-aa53-4e63-b026-65c5de9fadd9,abaltech.com,104.0
CHADHA AND CHADHA,3eee4db6-1892-433f-b391-a7d052a719fc,iprattorneys.com,104.0
Empulse Research and Data Analytics Pvt Ltd,7a28906a-0ca1-40e1-909c-7c6f0e31b6f5,empulseone.com,103.0
MBG Corp,112cddcb-e4af-4364-971f-444e18ff3f98,mbgcorp.com,100.0
Unisis Systems And Solutions (India) Pvt Ltd ,d30bfb59-3fb5-42b7-9a84-1046027e89f5,unisisengineering.com,98.0
P.B.L TRANSPORT CORPORATION PRIVATE LIMITED,5a55ae01-a585-4c93-8221-d3a7ec488ee9,pbltransport.co.in,93.0
Dr.Remedies Labs,e0d387bb-be42-4eae-9c25-e1d27f1fd4e9,remedieslabs.com,92.0
ISOQAR INDIA PRIVATE LIMITED,f71fa5d8-c943-47d7-a01a-b70ba35d53a6,isoqarindia.com,90.0
Watermark Marketing Pvt. Ltd,53d1ba62-4158-429b-8dc2-e996e938b1ed,watermarkexperience.com,90.0
Sreeb Technologies Pvt Ltd,795b4059-0b8c-4da4-8f91-88ded8b06e90,sreebtech.com,88.0
Fasta Pizza Private Limited,bae62f87-7961-440b-995f-27d81e2af369,fastapizza.in,86.0
CloudFulcrum India Private Limited,bb612c49-03be-4da1-9974-49f0c8704eb8,cloudfulcrum.com,84.0
EVOLVUS SOLUTIONS PRIVATE LIMITED,b351dc4a-3d9a-41ee-9244-767483887fce,evolvussolution.onmicrosoft.com,83.0
Renaatus Projects Private Limited,49afc7fb-433c-425f-b0d6-cb81544081f8,renaatus.com,83.0
CloudScouts Technology Services,ecb6503c-f71c-4630-bac5-adc27859d575,cloudscouts.pro,83.0
Yulu Bikes Private Limited,2346db05-55f6-4172-acd7-827da0d5129e,yulubikes.onmicrosoft.com,83.0
cirrusrays,8ecc7a70-f3e7-4e05-85f3-6922c2266cf6,cirrusrays.com,80.0
Market Mirror  Research Solutions ,89b31467-e606-445f-aaa0-519ebb50410f,market-mirror.com,80.0
Poonam IT Consulting Services Private Limited,c1cfb927-ffe1-46f6-8528-525e9eec8be5,pitcs.in,80.0
Florence Shoe Company Pvt Ltd,ec730351-d157-471e-9258-3ba12318dee9,florence.co.in,80.0
INTUITOR SOFTTECH SERVICES PVT LTD,41040dbb-af5d-497a-b83f-96e486053d1e,intuitorit.com,80.0
DeDote,df39c3ea-e64a-4801-bf87-dd275524cc47,Forehedge.org,78.0
QUADRILLION FINANCE PRIVATE LIMITED,36d38ca7-efa5-484d-ad5c-414f69a61254,quadrillionfinance.onmicrosoft.com,78.0
7Rays Semiconductors Pvt Ltd,0af5065e-f9b4-45b5-9bb6-44c5e1afb8a8,7rayssemi.com,75.0
Xemplar Insights,b0b9e640-3402-49f6-9e04-6a31bd4d32d4,xemplarinsights.com,75.0
Paycorp Solutions Private Limited,ebc33efd-7258-4e11-8899-d85c565d0051,paycorp.io,75.0
20Cube Logistics Solutions Private Limited,7c719e03-ae8e-4662-8924-7930e384b76b,20cubelog.onmicrosoft.com,74.0
prodigygroupindia.com,49947671-512b-41d3-a04d-e1fa839f6ac3,prodigygroupindia.com,71.0
NOVASTRID IT VENTURES PRIVATE LIMITED,4075ee8c-f28e-41f4-a931-a27464c942a6,novastrid.com,70.0
Sirius Management Consulting,6f59d0b5-7bef-47ce-9eeb-1572f1ec78e6,arizton.com,70.0
Synthesis Solutions LLP,76d5d933-2ddc-40cb-a89f-0c4cd5964319,synthesis-solutions.com,70.0
E-COSMOS (INDIA) PRIVATE LIMITED,a072eb44-2aae-4950-91c9-19d9e823aef1,ecosmos.co.uk,70.0
Blubirch,6e8a1d58-b415-49f3-8036-aa970787e57a,blubirch.in,70.0
Anemo Prime Pvt Ltd,5539f212-44b1-40f0-8b7b-d7cf7f03078f,anemoprime.com,70.0
The Insight Partners,4512177e-e477-473a-ae9b-7f91c4637fc8,theinsightpartners.onmicrosoft.com,70.0
Ticvic Technologies Pvt Ltd,c751444d-b7e3-4837-9cc1-e267cac4a32a,ticvic.com,67.0
Raas Infotek,580fa959-14a0-47b8-b915-fd2446d63e96,raasinfotek.com,65.0
Baghirathi Travel Solutions Private Limited,8d82ff7b-2002-40d9-a7e2-15e92d8d3d45,baghirathi.com,65.0
Reliable Fashions India Pvt Ltd.,e10ecc39-e13b-4cc7-a7e9-a7f8b6e5721b,isharya.com,63.0
RNR Consulting Pvt. Ltd,4585c92e-baa5-400f-a50f-7ba6aa725304,consultrnr.com,61.0
TK Chain,6a602c8a-f828-4e9e-b9be-c9b962c44cae,tk-chain.com,61.0
BAIN GLOBAL RESOURCES LLP,f7b8b771-2fd6-4ddb-abe7-84ecaec43274,bainglobal.net,60.0
Krijay Technologies Private Limited,11b502b1-1c02-4642-b87a-cd6da68556a1,krijay.com,60.0
Almoh Media india Pvt. Ltd,816fdfcb-4105-4d3f-8d55-837ce00bb8bf,almohmedia.com,60.0
Wilmer Technologies LLP,91ed8857-5d39-4022-91c7-555a56a6d62f,wilmertech.com,60.0
MUKUNDHAA NETWORK PRIVATE LIMITED,ee597c51-3375-4bb1-ae9d-b5ed1a7b053a,thanthione.in,60.0
Hibiz Consulting Private Limited,7ba118fb-fa31-45b6-918a-24dd21e641db,hibizsolutions.com,60.0
QA EDUCATION SOLUTIONS PRIVATE LIMITED,e1c04985-a9ee-4d33-bfe8-59ac7bf128e8,qacademy.ca,60.0
odwen,60d8f7b4-9376-4ffc-803b-e771faff9b85,odwen.co.in,60.0
Winfo Solutions,7c51d221-e93b-4397-b4c7-775faf9f6d10,winfosolutions.com,59.0
aquilasoftware.com,3ca74a86-126a-42ca-8ba9-150f68b1fa72,aquilasoftwarecom.onmicrosoft.com,58.0
Ray Life Sciences Private Limited,68d735e3-c6e7-4638-8d23-2f3f50976e41,raylifesciences.com,58.0
Sukino Healthcare Solutions Pvt. Ltd,44df5d58-d3b7-430f-88f2-39b781789225,sukino.com,57.0
CR Healthcare Services Pvt Ltd,e75b68c3-d833-4127-bc3c-a28664e58abe,medunited.in,56.0
Sequel Logistics Pvt Ltd,8f0eec4c-76b6-4829-a110-e55e181958c5,sequel.co.in,55.0
HealthPlix Technologies,81c384b6-a5e8-4c99-96fd-e3593fc6cab3,healthplix.com,55.0
Eram Power Electronics Private Company,2a0c0822-380f-431f-9f0c-e8f80a48d536,eramelectronicspvt.onmicrosoft.com,54.0
HttpCart Technologies Private Limited,c883bc97-5f2f-419a-b057-849a6e56270c,httpcart.com,51.0
Hunsply Works,a4fcb469-6336-47ea-a83b-3320488607fc,hunsplyworks.com,51.0
Foray Software Pvt Ltd,43395c3e-c5d5-47cb-9d71-c5ec7b33984a,foraysoft.com,50.0
SUPERNAL INFOTECH PRIVATE LIMITED,02dd6b24-0b87-456a-b7de-c34818d86755,supernal-it.com,50.0
inmorphis.com,b3109895-90d9-487f-8319-e99adcafca98,inmorphis.com,50.0
PRAKASH PUMP,d0e041ea-0f70-4313-9331-ba6556cad067,prakashpump.com,50.0
Druva Data Solutions Pvt. Ltd,42e61e40-b68a-454f-839e-9383df57c6af,druvadataspl.in,50.0
Sfcprisms Solutions Private Limited,71503ef6-089c-4a11-b9d0-37f7cd379bdc,cloudprism.in,50.0
Welkin Convergence Pvt Ltd.,fbd7e182-15b1-4fdb-9f56-cdbb902df4bf,groupwelkin.com,50.0
Stargatefitout,0cee7365-f06b-4b17-b738-1fa7a06abdd5,stargate-fitout.com,49.0
Precision Electronic components mfg co,2c190cd1-e9dd-49b4-954f-05958fbb35b8,peccomponents.com,49.0
RIGA FOODS LLP,fb5d878e-17e4-4f9e-b193-8f350dbb0ab3,diva-italian.com,49.0
SHAR PROJECTS PRIVATE LIMITED,7937059e-3486-409e-886b-f1587d94e9be,sharprojects.in,49.0
PurpleTalk,d95edf1e-2c7d-42ee-8e84-163229f87133,purpletalk.onmicrosoft.com,49.0
"ABAL Technologies, Inc",f2c85d6a-62db-46d1-b951-74f01f761c62,arcsolutions.us,46.0
nercsol.com,f28fde83-2d8d-42de-80e1-5db728e79608,nercsol.com,45.0
PIERSOFT TECHNOLOGIES,407c9e2c-5b55-46a3-9cbe-0c6d171fa370,piersoft.com,45.0
Xavica Primary,aabeb3eb-005c-4099-b35b-4d04a396ed50,qwipo.com,43.0
J V N & Co LLP,b03833d5-1303-4a0c-a221-f63b9026a965,jvco.in,43.0
Brochill internet pvt Ltd,db1b77a2-f00c-436b-9305-2a5b5b44fb44,brochill.com,41.0
PSP DYNAMIC PVT. LTD,c48fcd97-a71e-40d9-947a-294d0d65ff33,pspdynamic.com,41.0
SysCAD Engineering Pvt Ltd,caba9172-8743-43a5-9abb-a0165c087343,syscadengg.com,41.0
Hedge & Sachs,b0d6f1d6-bbdf-4228-9ae6-a1f7a3dde4c6,hedgeandsachs.com,41.0
MoEngage India Pvt Ltd,3b43861a-22f7-45be-9669-7e54f865990d,moengageindia.onmicrosoft.com,40.0
Mobilution IT Systems Pvt Ltd,4ab0b6b8-cf39-4c1a-a2e6-29f851f0f8dd,mobilutionit.com,40.0
CreativeXperts Consulting Pvt Ltd,0112ed78-abf7-40ec-ac17-d7ec57be0105,gosurepvt.onmicrosoft.com,40.0
COREVISION TECHNOLOGY PRIVATE LIMITED,ef086e77-ac5e-41a9-85b6-c6251fe88606,corevtech.com,40.0
PURVIEW INDIA CONSULTING AND SERVICES LLP,40ad2aa2-27ee-4071-8692-205d6146c583,purviewservices.com,40.0
Astraea Solutions Pvt. Ltd,c043f805-00ce-4f56-8770-bc3468f13ada,astrauniv.com,40.0
Amicus Services,6c614f21-034e-4cf5-ac05-33c521b97912,amicusservices.in,40.0
Greencore Electronics Private Limited,296d7e41-0907-4f61-a256-57b5c3b45358,greencoreelectronics.onmicrosoft.com,40.0
nFaktor Solutions Pvt.Ltd,80e5dde0-f9dc-481f-96e0-aa8169af2035,nfaktorsol.onmicrosoft.com,40.0
IHXCLOUD PRIVATE LIMITED,37c6a946-32d4-4c82-b8d1-1648d2221c58,ihxcloud.com,40.0
95 Techno,71bed0da-c891-482e-9a21-fade75a5c9c5,rengvo.live,40.0
Flowchem Pharma Pvt. Ltd,18c5ff43-8366-4369-8684-30db64b7d750,flowchempharma.com,38.0
NOMUS COMM-SYSTEMS PVT. LTD,0b14c51c-9fcc-49f4-8c7d-ea857c4aba63,nomus.in,38.0
Lexington Soft Pvt. Ltd.,f43cef5b-2276-4ec3-8097-2066e8716a60,lexingtonsoft.com,38.0
360BIM Solutions,f050a837-9201-4331-b57b-b4730ad8c2cb,360BIMSOLUTIONS.COM,37.0
ITISH Business Solutions,ba832f38-d35f-4863-ba4f-81f595fae927,Itish.in,37.0
MainStay People Consulting LLP,f293b4a7-98fb-49ce-a8ce-e462488a8b8f,consultmainstay.in,37.0
Hela System Pvt Ltd,80b156a7-26d2-4ec4-9b0f-c3f30641cf7b,hela.in,37.0
NextGen Invitro Diagnostics Pvt Ltd,abad57a6-d994-4c2b-bf21-f05a46ddaa73,ngivd.com,37.0
VNR Jewellery Manufacturers,d43cf74f-bc01-47f0-ac18-f234d20c64cf,vnrjewellery.com,36.0
SEMIKSHA SEMICONDUCTORS PRIVATE LIMITED,d02ddc43-5be1-4e20-abac-a29ff204fc4f,semiksha.com,36.0
VARUTRA CONSULTING PRIVATE LIMITED,e2edfd35-8d62-489f-9cd1-67056e76a53a,infosharesystems.in,35.0
Taevas Life Sciences Private Limited,c23fa5ec-ed1c-476b-b329-3c86528d4f41,TaevasGlobal.com,35.0
TMSFIRST,190f331f-9a12-49f1-86d4-e2236d49804b,tmsfirst.com,35.0
Technoflair Solutions India Private Limited,cee09dbf-a78f-4c81-9d1d-4dcd719772ea,technoflair.com,35.0
Fermbox Bio Pvt Ltd,2648c850-1cfc-47b6-b68a-458fddd85aad,fermbox.bio,35.0
PURVIEW INDIA CONSULTING AND SERVICES LLP,48dccd81-8da8-42e9-8089-2fe3f5098a41,purview.co.in,35.0
ClickAway Creators LLP,0c49a4c7-3efc-4539-a2ee-41aaa5958191,Clickawaycreators.com,35.0
Pellets Pharma Limited,bcb372de-9455-47a6-8eaa-20781d161d26,pelletspharma.com,35.0
Garagepreneurs Internet Private Limited,fd56b8c4-b998-4881-b53e-a1fc5a9c600e,slicepay123.onmicrosoft.com,35.0
Rivardynamics,1f2c59ba-3d04-403d-aa29-fa93631ff8d2,rivardynamics.com,35.0
Druva Data Solutions Pvt. Ltd.,88509070-fbc8-41c1-85e7-3c0a44729255,druvasedemo-eo.co.in,35.0
Sampoorna Feeds Pvt. Ltd,3b26ffb1-8c8d-4863-a277-87581eabe143,sampoornafeeds.com,35.0
xcubelabs.com,b35d7fe3-e80b-46e9-9f63-bd933ececaef,xcubelabs.onmicrosoft.com,35.0
Karnataka Metal Company,4c85dfa0-9dcd-4599-846c-e5a52a7e9017,karnatakametal.com,34.0
CAKEWALK SOFTWARE CONSULTANCY LLP,7f64e319-7f66-4c6a-b84d-f8ed115659c1,cakewalk.in,34.0
Viwito Primary,8a1a1cd1-3f4a-4a53-8c84-7026ad29a94d,viwito.com,34.0
Fission Computer Labs Pvt Ltd.,0c233299-b378-4fae-a6ea-6ab47f193f8d,fissionlabs.com,34.0
SMRTHUB PRIVATE LIMITED,5e875b28-0368-418f-a7d2-3c4ff9104d97,smrthub.com,33.0
Neural Integrated Systems Pvt Ltd,a3edaad8-b840-4a3c-a13b-e5e9609ce7c3,neuralindia.com,33.0
Ansh Intertrade Private Limited,e57854e4-97b3-498b-b534-7002fef41ccd,ansh.com,32.0
Radix Soft,eb8b20d4-9aaf-4866-89b8-d93a417b6453,radixsoft.net,32.0
Karneet Enterprises (India) Pvt Ltd,d362bd1e-1ebf-4cd0-aace-960f9f078fed,"",32.0
REAL TALENT ENGINEERING PRIVATE LIMITED,2c7a3b7f-c416-41cd-83a3-a43a0f5cdec6,realtalent.co.in,32.0
AK Law Chambers,896ca9bb-e79f-4c5e-bd12-0396f2cf5e6a,aklawchambers.com,31.0
ZeTechno Products and Services Pvt. Ltd.,b98d85f4-1313-43dd-aa30-e722fe86d0a5,zetechno.com,31.0
ITCC,aefe51b0-2009-4c72-987d-03988faf99d6,itmtiiap.onmicrosoft.com,30.0
Suitefy Cloud Solutions Pvt. Ltd,f5cefefc-0638-453f-9b9d-c34ec03701d1,suitefy.com,30.0
Laxmi Infobahn Private Limited,02c4457a-a5d2-4c87-8d55-236936fadd37,addsafe.in,30.0
SHRAVAS TECHNOLOGIES INDIA PRIVATE LIMITED,7d3e4529-57db-4425-98ba-36845b4eeff3,shravas.com,30.0
HLL GLOBAL SHIPPING LLC,a4ae03f7-478a-47cb-bd4e-c00db687face,hllglobalshipping.com,30.0
Ajeet Management and Manpower Consultancy,dbb7c693-c4e2-46e2-81a0-53c9a7fb5438,"",30.0
ETERNAL FOUNDATION TRUST,a1520946-542c-4e16-85ca-bc6882331d18,eft.org.in,30.0
trroyls.in,e7067c36-169b-45f5-bc6a-130d12a958b5,trroyls.in,30.0
Pennywise Solutions Private Limited,28daf73d-021c-4763-9302-44fd8f8f032f,pennywise.in,30.0
PILOG India Private Limited,4ce18298-abe8-4d7e-b705-c16397b78f2e,pilogcloud.com,30.0
EDGEFLEX SOLUTIONS PRIVATE LIMITED,cf1a26a0-bfe8-4022-bff2-b8c3c514edbf,edgeflex.co.in,30.0
Win-Win Automobiles Pvt. Ltd,945ced9f-871f-4083-810e-02ec9cfd8bc1,winwinauto.in,30.0
SEMIKSHA SEMICONDUCTORS PRIVATE LIMITED,d02ddc43-5be1-4e20-abac-a29ff204fc4f,semiksha.onmicrosoft.com,30.0
Aquil Media,d9c3e67a-7221-402f-8b95-b063b6967dfc,aquilmedia.in,30.0
Peninsular Maritime India Pvt. Ltd.,d7ae9c58-7717-41a9-ab9a-c23ecde2d34f,peninsularmaritime.com,30.0
Nunam,e260acef-b282-42f5-b121-f516f92e67d4,nunam.com,29.0
MD&T Partners,569e2665-9c62-4a3a-8113-c1bec0eb2dad,mdtpartners.com,29.0
BRIJ RAJ MOTORS (P) LTD,dea6265e-1140-49f7-bec3-d14630457613,brijrajmotors.net,28.0
SurveyHeart,5d71e051-2974-47fe-a145-323832ad0f3c,SurveyHeart.onmicrosoft.com,27.0
Ideal Experiential Learning Private Limited,c0a824dd-2bb0-4c05-9714-6eacaa06fdd5,ideal.ind.in,27.0
Tradewell Securities Ltd,d1e67df8-4a34-4540-99ab-4101e2ca9195,tradewellmail.com,26.0
Process Point Technologies.,b3879073-4a0d-4202-add3-045b1fd96d01,pptcorporation.com,26.0
Ecotech Engineering Consultancy Pvt. Ltd,aecd689a-78b0-4da6-8cab-36fb92127433,ecotechconnect.onmicrosoft.com,26.0
Adjoint Technologies Private Limited,9529b883-9bbe-4e5f-8f4a-215818a823b1,thriwin.io,25.0
ATC Online LLP,81f75abf-00e3-4f25-81a1-3e46617baf1e,arclightglobal.com,25.0
95 Techno,01554814-507b-4f2a-b5e5-0363720b4a1d,veoliaqlive.onmicrosoft.com,25.0
NESTAVERA GROUP,9b6b2494-e101-4655-ba93-d223627515b0,nestaveragroup.onmicrosoft.com,25.0
SIRIUS ZIP FASTENERS PVT LTD,5c99cb24-b716-481e-841e-5613a81dfc7e,siriuszip.com,25.0
Success Engineers,a0b49e52-ed60-4182-80b7-9a6175aac2e1,successengineers.in,25.0
DeDote,c0d9058f-8674-4dd8-b147-df2bf164b031,healthchecks360.com,25.0
Stanra Tech Solutions Pvt Ltd,34a37d3e-a06c-4d49-84dc-67f6344342c1,stanratech.com,25.0
95 Techno,ed2e5451-6171-452f-9ae4-5d4e6cc307f8,nematiqlive.onmicrosoft.com,25.0
Ziproles Enterprises,0927ee12-f790-418d-8303-d3055b87ad16,jodva.com,25.0
brioperk.co.in,e13e81ee-a2a5-46ef-960c-068b2e378e0a,NETORG11331427.onmicrosoft.com,25.0
Eclature,9623bc03-37ee-4573-b877-390fe4311c51,eclature.in,25.0
O365 Test Customer,8311e1f2-05a9-4eaa-8fc1-494dfef1413a,cptestingsignup.onmicrosoft.com,25.0
VRC Plastomould,4cc6f737-e76b-4571-92b0-500232374b52,vrcplastomould.com,25.0
Gati Poc,977f7804-ed94-4d57-9e3e-9d7863242dc9,gatipoc.onmicrosoft.com,25.0
GAA & Co,dd6f55d7-8ee0-4225-b318-ae90e102719e,gaaco.in,24.0
Indiyum Foods Pvt. Ltd,41a17981-ef53-42eb-9359-03b585a05b81,indiyumfoods.com,23.0
MERABT TECHNOLOGIES PRIVATE LIMITED,df8a21f1-7dde-4d44-a5b0-ad8390ed0b77,silverlineventura.com,23.0
EEB ENGINEERING DESIGN AND CONSULTANCY SERVICES,5c3812c7-862c-4165-81fd-ec02e4a73c38,eebedcs.com,23.0
VENTURESATHI BUSINESS SERVICES LLP,f52f5987-c652-4aab-a939-bf8d0eee9958,venturesathi.com,23.0
Enerfra Projects (India) Pvt Ltd,6719248b-c471-4450-a388-9e47b6c987df,enerfraprojects.onmicrosoft.com,23.0
Raw Edge Industrial Solutions Limited,2e01698f-833f-48d6-b52f-25370304a6df,rawedge.in,22.0
INNOVATE,0ae5d9e5-06c4-42f3-9095-c715bc3a7da5,innovatedesignstudio.in,22.0
Petregaz Krishnapatnam Pvt. Ltd.,f2ada239-e9df-4671-b856-028bd9c328e1,petregaz.co.in,22.0
Finavi CFO Private Limited,fa137c99-a22d-4300-92d8-331aeba296d1,finavicfo.com,21.0
i2TECHLABS PVT LTD,86516e24-ab00-4219-81e2-8a68f48ade6b,i2techs.com,21.0
TribolaTech India LLP,c6549a7a-dbfe-41fa-a8ce-59ea99ec7d63,tribolatech.com,21.0
ADITYA PARK HOTEL,c427fb46-58b8-463f-ba1d-54be8cfa49da,hoteladityapark.com,21.0
Sukan Engineering Pvt. Ltd.,7f37869e-958d-426f-b49d-3e0f06729695,sukan.co.in,21.0
pressfitindia.com,472b5699-5cb4-47b8-8ea4-4b474599aaf3,pressfitindia.com,21.0
95 Techno,480fca7d-8a76-475e-a12c-a1cb37b3cc65,ninet5technologies.com,20.0
Olympic Industrials,149e750a-cb84-4282-8270-f6da3fdff403,olympicindustrials.in,20.0
Hocon Technologies India Pvt Ltd,91ef69d1-4954-47c4-8129-49d7dd78be2b,hocon-techindia.com,20.0
Visa Council,2634dba5-eb7c-4be6-ace1-f7be0ba18ae4,visacouncil.com.au,20.0
Sciens Software Technologies LLP,f066a708-e8a7-4467-bf15-4178256b2fba,ttalent.us,20.0
ekata earth pvt ltd,0243402a-5d21-49a3-8f5f-9b80cf5a73fb,ekata.co.in,20.0
Control P Solutions Private Limited,15c6076d-c913-4221-a1e9-deba9912be5b,controlprint.in,20.0
IHOBS WORLD,cf549990-2eca-45db-adfa-c7ebde961e8e,ihobs.world,20.0
Gretel Network Of Aircrafts & Turbine Engines Aviation Pvt Ltd,b9c1a449-ce1e-4b3f-82ed-e8110abbe5c1,gretelaviation.com,20.0
Tejarisolutions Pvt Ltd,8a403ded-9ccb-4d2d-96f9-98123588e84f,tejarisolutions.com,20.0
M/S Cothas Coffee Co,b761d35e-8e3b-4113-a283-ed0ce9c711a7,cothas.onmicrosoft.com,20.0
IFlowTech Solutions Private Limited,bf14ed62-7d6f-460d-b00a-1d69fd5410e2,iflowsolution.onmicrosoft.com,20.0
Madhu Medical Solutions LLP,1d0b4531-4207-452b-883d-49d48b43ae87,reddyvirtuals.com,20.0
FRESHLEARN GLOBAL,c0d24430-91f1-4fe2-8f8e-f77ea197ffcd,freshlearnglobal.com,20.0
Lead Central,aa719fb3-4816-4495-91fa-36a992fe0492,leadcentralin.onmicrosoft.com,20.0
DigiGrain Solutions Private Limited,4b622af5-7105-4e38-80d2-6fd6863b52d6,digigrain.in,20.0
RYNA IT SOLUTIONS PRIVATE LIMITED,1b45e14b-3db6-4996-ae3a-5624eea2af58,rynasolutions.com,20.0
PRAXON TECHNOVATIONS,766afffa-ee14-487e-a3fb-cab69b1d66f3,praxontech.com,20.0
Matdun Labs India Private Limited,8567b904-c1e3-4510-8d5a-1d9ae8a7e1b7,matdun.com,20.0
Associated Law Advisers,55f5aae2-ca6a-4203-adba-3ff20a82b787,ala-india.com,19.0
BASIL BIOSOLUTIONS,348779c1-1fae-415f-a60e-bc6db11476b5,basilbio.com,19.0
SALESWINNR TECHNOLOGY SOLUTIONS PRIVATE LIMITED,6061b825-a9b1-4fea-afbf-17416c99ba1f,smartwinnr.com,19.0
Fliqa Reality Private Limited,8d91fc06-efd9-44e7-9a3d-355c136a5c20,fliqa.in,19.0
Nandu Chemical Industries,36b35a72-c7ea-40f5-8678-b15c31b8719c,nanduchem.com,18.0
BodhtreeUSA,16ffbc25-5f01-46f9-87e2-cd341505ca8d,bodhtreeusa.com,18.0
FRESHLEARN LLP,bf794065-0dfe-4a93-b821-be822b0c18b4,freshlearn.org,18.0
Cyber Sphere IT Service India Pvt Ltd,89d73fbf-1e89-45c4-8452-30f488afcf6f,cysphere.net,18.0
Ak Automation Systems,6b998f47-a8ac-4802-b416-36108fad60b6,akautomationsystems.com,18.0
Browser Contacts,b6ec5dc9-485d-417a-ac0b-3908c728fa84,leadretrievalservice1.onmicrosoft.com,18.0
Zuci,f609f5e5-b221-43f3-be25-48bb8ce0552e,zuciinc.onmicrosoft.com,18.0
COEXLION PRIVATE LIMITED,fdc5747b-eaed-439e-9ff1-4d5d13074c72,coexlion.com,17.0
M/s. Lite Auto Components Pvt Ltd,599bfea8-2fa7-4906-9c53-10c05a1230c9,liteauto.com,17.0
SRI GANESH FORWARDERS,81ab85ba-d27a-4f02-a25a-216ba42daa77,sgfind.com,17.0
Redseer Management Consulting Private Limited,00a9ff8c-9830-4847-ae51-4579ec092cb4,redseerconsulting.com,17.0
SKC ENVIRON LAB PVT LTD,381f949e-48ca-4e2a-bfd6-e8ec9d8777e7,skclab.com,17.0
Brijraj Auto Pvt. Ltd,f35fd1d4-1e1e-414b-952e-bc8d28f52c44,brijford.com,16.0
BUILTEN ARCHITECTURE AND DESIGN CONSULTANCY,483cd4c6-0f83-439d-a5b2-392bb5185d07,builten.in,16.0
Randhawa Construction Private Limited,5c7f619a-4bc1-490f-82a6-9cf1a3255813,gemindia.co,16.0
Aspire Management Solution Pvt. Ltd.,b1340946-6f49-4ebe-b39f-1d6f59f5ca76,aspiremgs.co.in,16.0
TechO2 India Pvt Ltd,0742f5db-9579-411d-b467-50b011256237,techo2.com,16.0
Magnah Law Partners,77bc3c26-bbf8-466b-8e7b-7bc243783cec,magnahlaw.com,16.0
West Agile IT Labs India Pvt. Ltd,96ab60a4-4f8a-42d7-bd7c-60a66e664e12,westagilelabs.us,16.0
SUKAN ENGINEERING PRIVATE LIMITED,a953dcff-0257-4aba-972f-d00c6ec94e47,sukan.co,16.0
Precitec Precision Machineries Pvt Ltd,20efe777-d29e-4bfb-9776-0dd2aa7bebe9,precitec.co.in,15.0
Yogeshwar Enterprises,885c0c56-29c6-4b66-a05e-8c2f49d9ebb9,yogeshwarenterprises.in,15.0
PURVIEW INDIA CONSULTING AND SERVICES LLP,5b5a5b2d-d100-4afa-819e-d628f9fe687d,purview.co.uk,15.0
Lite Magnesium Produucts  Pvt Ltd.,9c8a0091-c084-4228-beea-c9c68ba9f374,lite-mag.com,15.0
Aquila Mobility Solutions Pvt Ltd,debddb2b-32a1-49d9-8717-de66adcc04b1,aquilamobility.com,15.0
Finfox Technologies,046d7b25-ce29-4008-8857-2238596dc642,collabrah.onmicrosoft.com,15.0
General Manufacturing corporation,e00e3497-df91-4c9e-b762-864c16b3d132,sirasala.com,15.0
POLYMATECH ELECTRONICS PRIVATE LIMITED,4fbbaafa-658c-4d28-9bef-d371b5e79dc7,polymatech1.onmicrosoft.com,15.0
GAC Consultants LLP,72efcbd9-f6fa-4495-a4f6-5ff3b237b2cb,gacons.in,15.0
CHN TECHNOLOGIES,81ab85ba-d27a-4f02-a25a-216ba42daa77,sgfind.com,15.0
Likhitha Infrastructure Limited,97f64219-cd95-42a9-8670-0463e25c2449,likhithahak-arabia.com,15.0
Silvo Cale Techno Private Limited,6f84e204-9ce0-4c52-994b-d4cd9b8a432c,"",15.0
Sharad Insulations & Interiors Pvt. Ltd.,8907d539-6563-4116-b8c9-6136c66b7329,sharadgroup.in,15.0
PANJI ENGINEERING PRIVATE LIMITED,b1a8bd4e-2a92-43e2-8d42-cab5832ff379,panji.in,15.0
Wilmer Technologies LLP,e3f997b9-a18c-428e-b058-2734ccedcbd9,bodhtreesol1.onmicrosoft.com,15.0
Ecofinity Projects LLP,5629d422-6e7c-4201-986c-c1b23d58e766,ecofinity.in,15.0
Bulfro Monitech Pvt. Ltd.,df7cb36e-5572-4665-99a4-620527fa69c4,bulfro.com,15.0
SANGUINE SUPPLY CHAIN SOLUTIONS LLP,24ae6f40-110a-4c96-9072-6e10ef4913a1,sanguinescs.com,14.0
Movell Solutions,fce18682-891b-4f69-af33-ce78f3b8f411,gomakto.com,14.0
Aumni  Techworks LLP,fc46245e-d0e6-4df0-a286-aeea611ceadd,aumnitechworks.com,14.0
Ispeck Digital Solutions Pvt Ltd,3fdbff8f-94b0-4207-8254-5f943527041f,ispeck.co,14.0
SUNDARAM HEALTH CENTRE,b840487e-befd-4371-91ee-a67a262f9b00,shc.org.in,14.0
srsadvisors.com,ba18b037-b570-4a87-949f-879cfc584f93,srsadvisors.onmicrosoft.com,14.0
Element Tree,52e5a706-49a5-4aed-920e-7526ef8e3d21,elementree.co.in,14.0
Crown Magnesium,627ecd83-b17d-4a79-9023-0ad7aa9b7e1d,crown-mag.com,14.0
Codeface Technologies,aab38684-9798-4714-b328-4c7915b32b40,divinedgc.com,14.0
Itellisecure Pvt Ltd,f3097a84-4ace-4324-afa1-677fc1a0269b,itellisecure.com,14.0
R S Bajaj and Associates,3a89fdb7-4ced-44de-a983-069c4c365bed,rsbajaj.co.in,14.0
SEALINK FASHION PRIVATE LIMITED,495caac8-9432-47c8-8560-732e43628e02,sealink.in,14.0
Master Tax Accounting Services LLP,a5946dbd-40cf-4cb7-94a1-afc305a23196,mtasllp.com,14.0
MYAIRBOOK TECHNOLOGIES PVT LTD,f2062c4c-978b-4a7c-a4c1-48cce2f417c9,myairbook.com,13.0
Guava Digital,ccdadaeb-a471-4fc4-9160-f534bbc38fa1,guava.digital,13.0
NEXTENTI TECH PRIVATE LIMITED,9b856d1c-1e15-42ee-8b7b-fd4176704bc1,nextenti.ai,13.0
QUSTRAT DIGITAL PRIVATE LIMITED,2dc31db3-1a7e-47cf-9a36-3bbd08163bc9,qu-strat.com,13.0
Polytronics Enterprises LLP,66ba6c6c-4d0b-48d9-ab7a-e870bb8f118a,polytronicsgroup.com,13.0
Trizeal,344beaf1-5c3d-4f9e-ae5e-c0c16fbbdb76,trizeal.in,13.0
â€‹INDEX KNIT & WEAVE PVT LTD,2fea72ba-268c-4ef6-aae6-a9d246135def,ikwpl.in,12.0
ABACULUS,5beae877-16e6-4e97-a912-da33f282926a,Abaculus.in,12.0
Praguna Power Systems Private Limited,a7879ca9-056e-4757-b0c1-abcac2e6d91b,praguna.com,12.0
Techleaf Systems Pvt Ltd,ad575fe2-cc8c-49a5-bb6e-228002566014,techleafsystems.com,12.0
Freight Xpert Logistics Private Limited,d4bad7c2-6e7d-4995-ab68-eb0dbdffa1be,freight-xpert.com,12.0
Mount Meru India Private Limited,e9c704f5-703d-4613-a443-bff82c43a0ad,mountmeruwhc.onmicrosoft.com,12.0
Mount Meru India Private Limited,e0ddfc04-1a1b-49a8-b49b-1219cbce3a12,mamastops.com,12.0
Dandu Biosciences Pvt. Ltd,60f65e29-b26b-44c6-997c-3cb2fe7349e6,dandu.com,12.0
Mount Fab Packaging LLP,5f2070bc-c74d-4fff-b80d-f0a38fec7951,mountfabpackaging.com,11.0
Petroskids Engineering Services,6fd608d7-acc0-4716-8a0c-6d364d7321a6,petroskids.com,11.0
Virtuous Screening Pvt Ltd,9a962fc1-036f-4f63-8dc7-245744c6f25c,virtuousscreening.com,11.0
VGDS Global LLP,6a3362d4-17e7-48e1-94e1-b99f5496d3dd,vgdsglobal.com,11.0
AVAASA REALTORS PRIVATE LIMITED,c7424d2a-c708-4ce3-b3ca-2598b915eb0f,avaasa.com,11.0
Omnisys Systems,e6a7ff14-6e91-49d0-846d-830223e04f61,omnisys.solutions,11.0
Law Assist,7c3142f9-6d4f-4082-b1ce-c192ef463527,law-assist.in,11.0
Kayoma Trading Pvt. Ltd,046b18a8-d449-4824-80c0-61f56692514a,"",11.0
Fertis India Private Limited,5ce8a875-1057-4b7f-8460-177db446e588,Fertisindia.onmicrosoft.com,11.0
Forekor Technologies Private Limited,8271a789-dbef-4324-9b31-9c842f57b7fb,forekortech.com,10.0
Uttam Blastech Pvt Ltd,a494a44a-eff1-4539-a7b0-b72e2836536c,uttamblastech.com,10.0
Ub Group,8f2fbb67-ff2a-40b0-8c63-cd3115270d57,ubgroup.in,10.0
Druva Data Solutions Pvt. Ltd,1b9e456d-8928-4fc4-912c-eb44702cd412,druvaproserv.com,10.0
NOVA GRAPHICS LLP,421eacef-c66a-49b8-9896-6c38676f2f4a,novagraphics.in,10.0
BEMAHIKA TECH PRIVATE LIMITED,3dcce0c2-b1e6-4130-8b4e-c99f83f0a4a8,bemahika.com,10.0
Eldershelf Retail Private Limited ,49c56393-7637-4a10-8418-6e02106fa03c,ordopack.com,10.0
Channelsoft IT Services Pvt Ltd,64f49650-fb4e-4fe8-9b8e-346049b4c66f,channelsoftinc.com,10.0
FAST FOODS-FOOD AS THERAPY,898d05ac-a7e0-41bc-a5fa-e420f502dfdc,greenworksbio.com,10.0
Mohammed Inayathulla Contractor Private Limited,3add1f09-1918-455a-9c4a-d1fa098b480e,micontractor.in,10.0
BOH SOLUTION,5daf842a-2f01-4360-972b-82cbb358a3ea,r5its.com,10.0
SAERA KETO EV PRIVATE LIMITED,568cf701-8f4b-4524-a4f5-9aba8c56629c,saeraketo.com,10.0
Jesvid Cryo Technologies Pvt.Ltd,2b791c6d-e4d7-49d2-a421-c07e4e40954d,jesvidcryo.com,10.0
Gretel Network Of Aircrafts & Turbine Engines Aviation Pvt Ltd,90090ff8-b516-4123-b164-16e14b170d48,gnataviation.com,10.0
INCOR HOSPITALS PVT LTD CORPORATE,05ae4b92-3c19-45db-ae38-45b037549551,incor.in,10.0
RETRO MOTORCYCLES LLP,62dbff52-0a17-4637-8892-b212a622237e,retromotorcycles.in,10.0
ThoughtData Software India Pvt Ltd,4f66169b-d9e4-4fe9-a9e2-1bd1d1cdb2db,thoughtdata.com,10.0
Tamil Nadu Newsprint and Papers Limited,782c302d-c1d3-422f-97d2-b5680db7d421,bitnpl.onmicrosoft.com,10.0
R & M INFRASTRUCTURE,486f361e-20de-4e00-87e5-47b9b9b52a8a,"",10.0
Facto Technology Pvt Ltd,4d70c1cb-cb57-42cc-8bbd-e3522fec6688,factotechnology.com,10.0
Innoworx Technology Services LLC,d66e5f65-e993-4d4e-8720-1af3a3852852,innoworx.tech,10.0
rallis.com,5fd29256-6365-4b91-abce-76991fd78388,rallis.com,10.0
Alphaa AV Solutions & Automation Pvt Ltd,f89c7ce4-d61f-4e19-82b7-98d4f95715e5,alphaaautomation.com,10.0
Vison Labs,ec97eb51-d543-4d24-85fb-17bafccd0a81,visonlabs.com,10.0
CHN TECHNOLOGIES,c1f055bd-b74c-446e-8a60-058a1dc5128b,cauverysteel.com,10.0
Altius Tech Insurance Broking Private Limited,a6de5489-d935-4a0e-a7d7-7e316a13db43,altiusinsure.com,10.0
Celestial Meridian Shipping Private Limited,3f7c0acb-de82-4ab4-8da0-d35b0f37ad4f,cmshipping.in,10.0
Head Digital Works Private Limited,5555870b-8392-404c-94ea-e1ed5fe182b3,hdigitalworks.onmicrosoft.com,10.0
CTC SPEED LOGISTICS PVT LTD,ed861b21-6296-4517-9dc5-b3491f00b1b8,ctcspeed.com,10.0
EFUND TECHNICAL SERVICES PRIVATE LIMITED,df4520fc-c113-43d0-ad4f-5ca214e204ad,efundzz.in,10.0
koide india pvt ltd,31c37d47-7603-4f19-b5a1-8e0c70277a9d,Koide.net.in,10.0
Alwafaa Group,66abe2f2-4dcb-4367-aca1-b2f04d09afee,atlanticpoolsnfountains.com,10.0
MERABT TECHNOLOGIES PRIVATE LIMITED,f1a92fc5-45bb-4255-9528-6e87b3aff881,svindorg.com,10.0
Syntaxnow It Solutions Pvt Ltd,f3c9b6b7-f25f-4e48-8a38-bcbefd580c97,syntaxnow.com,10.0
PC Solutions & Services,36d899e1-25ab-4af4-bc9d-3266bfd72786,crowntapesindia.com,10.0
EHook Systems Private Limited,23fe6538-3cba-4732-83eb-969e071634fd,ehooksystems.com,9.0
Hostack Software India Private Limited,bd011879-b4e0-48c6-8104-d4ce49b3a164,hostack.com,9.0
Sanjay Wood Packers Pvt Ltd,a5c8bca9-4e06-4d8e-a970-ad730c496f20,sanjaypack.com,9.0
OTS Integration Services Pvt Ltd,450df855-f64a-49e1-9892-37f6366379a8,i-ispl.com,9.0
PC Solutions & Services,da490eb2-36bb-47ec-b5c3-4586c01b25a5,aurummining.co.in,9.0
4seer Technologies Pvt Limited,2d1a6cbe-1d62-489c-9e10-abd6b45df11c,4seer.cloud,9.0
SKC Compliance Lab Private Limited,fb319533-ca0c-4d17-9a70-fbb0dff13cd2,skclabcompliance.com,9.0
Pre-Time Taxation,9b3c7b4b-7156-4765-a6aa-6cec85568eef,pretimetax.com,9.0
Dubaibc,1b046d4a-4b2e-4b29-8ec1-d23a427d953b,dubaibc.ae,9.0
Asfath Ahamed,f5d98626-370c-49d7-8632-b7856ef89726,exlinefreights.com,8.0
CLARUS AURA INDUSTRIAL LIGHTS PVT LTD,a82799b5-c81b-4717-9188-f1a97b98b23f,selsg.com,8.0
SANKALP PLACEMENTS INDIA LLP,936ac3ec-affd-4dac-a334-bf7592099031,sankalpplacements.com,8.0
AVTEC Limited,667380e5-971d-4294-8c38-fd07e3381129,avtec.in,8.0
TechN Vision Ventures Limited,c11d49c2-6688-4d98-830d-84671a8419a1,recruitsharp.com,8.0
Digital Nirvana Information Systems (India) Pvt Ltd,2e3268b0-883f-415e-a620-194f61401e94,digitalnirvana.ai,8.0
INBISO ENGINEERING PRIVATE LIMITED,9de675ad-bf56-4015-80b9-fb7074e953cc,inbiso.com,8.0
Safedata Solutions Private Limited,73be19d8-657e-420a-84fe-6db9e00cb44f,safedata.co.in,8.0
RBJ Technologies Pvt Ltd,3416fd8b-5c76-433b-b660-781f25107dde,foyrcom.onmicrosoft.com,8.0
Intelogixs Research Private Limited,b04c2da1-cb08-4b2a-9099-51b492037918,intelogixs.com,8.0
Coronet Foods Pvt Ltd,56e6f06f-6821-415d-8e79-1a0c72c40dcc,coronetfoods.in,8.0
Maha Sagar Mayur Pasalapudi,ff313fd2-564a-45b6-b63b-123b2786d89e,counton.co.in,8.0
DYNAMIC CODE SWITH,cef6b0c0-451f-4ee8-882d-f5b1e8eb4dfa,DCSwith.com,8.0
Rydot Infotech Pvt. Ltd,b6314c72-0369-4c22-8b1d-3875f89d952b,rydotinfotech.in,7.0
DGS ASSOCIATES,acf47cce-de1d-4afe-8177-671593c94e96,dgsassociates.in,7.0
GENESYS INFOWAY,b6d2020b-1b49-4d3d-be67-d29e711454ea,tssynergy.com,7.0
Pixelonicmedia llp,b9d10a00-6e5a-4a87-b0b3-f0df7a3ac351,pixelonicmedia.com,7.0
indusnovateur.com,aaf749e9-6cbe-4797-a46b-9ac8b5db12c7,indusnovateur.com,7.0
OrangeScape Technologies,25405880-9add-44cf-b1e6-a35c9b506366,kissflow.onmicrosoft.com,7.0
Sriram Enterprises,b8c93382-13cb-4b5d-8869-d6ebd8086224,svassociates.co.in,7.0
SFS,3fca8dea-d55a-4a24-8dd6-07e9cce02580,servunity.in,7.0
Tattvika Advisors LLP,d35ece8a-237c-4fa5-9ca5-c3107f02fd70,tattvika.com,7.0
Andaman Holidays Private Limited,72387b2d-2939-4c0d-8aea-a2c898391e8d,andamanholidays.com,7.0
National Housing Bank,5c3c17a4-3f9e-4f7a-b48f-4af7282e3e39,nhb.org.in,7.0
WebGuru Mumbai,6a6ab57c-2f70-483a-9a9c-65258a9d12b1,vdpop.co.in,7.0
V-CHQ Business Services India Pvt Ltd,e24bd7d0-4149-4cc9-92c1-8801230a3d90,v-chq.com,7.0
Innovation IT Solutions,d69fd9d5-b000-49b5-b8f7-5591f21c0f89,innovationit.co.in,7.0
TRDFIN Support Services Private Limited,68eb476a-15ad-4e65-b21d-12458a7e0142,exchangelegalservices.com,7.0
SANPHIO GLOBAL LLP,925cd8c9-7099-4084-900d-d80a5ad93dc6,sanphio.com,7.0
LANSUM ENPOINT DEVELOPERS,e2d1a953-aed7-49e5-a1f8-a176bc136b8e,enpointrealty.com,7.0
HealthAnlytx Pvt Ltd,8ec9c8b8-ae9a-45a6-83a3-ea9f77d1ff34,healthanlytx.com,6.0
MyStarCloud Solutions,f4eeb87b-766f-41e1-9ddd-5169ff2e036c,nirguntrading.com,6.0
ASTRA OVERSEAS EDUCATION CONSULTANCY PVT LTD,97394fee-93b1-4849-b578-368d501fbd7c,astraoverseasedu.com,6.0
BIOMED HEALTHTECH PVT LTD,b4ca989b-b4e0-454f-9194-5c57d00b66ee,biomedorthopedics.com,6.0
DeDote,b11e02ad-d371-4f5b-8cef-f2346c4c35a2,hairbeautynetwork.com,6.0
Star Electronic Concepts,0bd18d1d-3d47-4127-8b4f-db68697b084e,starelco2007.onmicrosoft.com,6.0
galaxytechnical,ecb3bf36-a9b5-4688-a932-b9646dceced4,galaxytechnical.com,6.0
Henceworth Technologies Private Limited,f24c4885-c200-4e17-acba-4fc04244ad48,invulb.com,6.0
Jinactus Consulting Private Limited,6a897ee8-a15b-4bda-9a74-a425e6521d90,jinactus.com,6.0
Trilokana Marketing Pvt ltd,d69a6293-7f29-4e27-a120-04d58d57ee04,trilokana.com,6.0
KANTHERI Consulting Pty Ltd,e852a041-4880-46b2-9abe-cd3deae4b2ed,kantheri.com,6.0
EHOOK SYSTEMS PRIVATE LIMITED,fef555c0-df81-4381-88ad-09a83a9dbbb2,rconnectllc.com,6.0
GCR Foods and Beverages Private Limited,ab1cb412-0399-40d8-bc4b-02ad783a0e9e,gcrfoods.com,6.0
WINNGOO LTD UK,1ac0a82b-8849-4851-86dd-93339f87c345,winngoo.com,6.0
DeDote,95dd4dee-9003-4cd5-b07b-6a63b571bee5,foodcollective.ae,6.0
Junto Creative,bfd4770a-854b-4665-8abd-43bf94c1a41f,juntocreative.com,6.0
National Institution For Quality And Reliability Bangalore,bb304230-2b8b-44e2-8b05-f34c40d6be38,niqrblr.com,6.0
Blue Ridge Unit A Tower 1 to 8 CHS Ltd.,9d5a928c-0d4b-42a9-a3ef-5e2f795be046,blueridgeunita.com,5.0
studio8designs,c34d8e42-fb10-42c4-bcd1-756b4d826bc7,studio8designs.in,5.0
NATUSERVE FOOD PACKSS PRIVATE LIMITED,574ef103-7c86-4af7-948e-5684d05ab4a7,natuserve.com,5.0
HEALTH QUADRA (OPC) PRIVATE LIMITED,e884ea9f-c8b6-48f7-8aaa-4b3ad856a017,healthquadra.com,5.0
Flywheel Infotech Private Limited,2e2ae7c6-5533-472e-8d92-f6eb8867ab18,flywheelinfotech.com,5.0
sniperindia.com,6c000aec-ba76-40bb-a296-4f1275c9ea31,sniperindia.com,5.0
Ignitz Solutions Private Limited,2688b3a6-db0c-404e-b04f-19b7ec8806bb,ignitz.net,5.0
SFAA AVIATION ACADAMY PVT LTD,a9d79557-8cfe-4386-83b7-81615acecf7f,sfaviationacademy.com,5.0
Sniper Systems Solutions Private Limited,18778732-af1c-45ea-b927-d1d99033abef,"",5.0
PILOG India Private Limited,44d0ecc3-9123-4321-ad8a-cdd4d4a9941c,piloggroup.com,5.0
PUKHRAJ LOGISTICS,29fa94c6-5f3c-4743-b56f-ff08f979cab6,pukhrajgroup.com,5.0
Worivo Advisors,eaed316e-201f-4727-bd27-c29c17344822,worivoadvisors.com,5.0
Top Attest,580b89db-54be-424f-ac06-082de91667bd,topattest.com,5.0
DYNABLOCKS,80e86e1a-8c26-499a-b1e1-41fc1a7cc7e2,DYNABLOCKS.IN,5.0
Alekas Solutions Private Limited,0bd62395-468a-4c07-95aa-35c1cd3b0abd,alekass.com,5.0
Epixel Web,e227a107-2239-40d3-9b86-9c463cebdde0,trrigent.com,5.0
Mount Meru India Private Limited,152b5051-853a-4b68-a73b-8e33c6475722,mectrailers.com,5.0
Sniper Systems Solutions Private Limited,18778732-af1c-45ea-b927-d1d99033abef,sniperindiaco.onmicrosoft.com,5.0
PAISAPLAN FINANCIAL SERVICES PRIVATE LIMITED,0ab43d13-be94-443a-9257-6dfc072df467,paisaplan.in,5.0
Go Digital Path,82c35a46-fd26-44d3-ab93-8e3d84e44ffb,sashtra.com,5.0
PAISAPLAN FINANCIAL SERVICES PRIVATE LIMITED,2d05803c-2b4c-456f-bc3a-5e16cc7af694,madoverinsurance.com,5.0
StudentOpt,1f7b6da8-cc04-4827-a2f7-f7408b3d036c,studentopt.com,5.0
Royalux Lighting Private Limited,f0d4b16c-2100-4b6c-89d1-2f30a5b643d4,"",5.0
Epixel Web,a015127d-8da4-467d-b51a-4b39a0c909ff,trrigensol.com,5.0
Narasimha Murthy & Company,0e68d76d-11b5-4ffd-89a1-2fb522dda736,nmccost.com,5.0
A S AMARANATH & CO.,de780cb9-c840-4487-9db5-dbf74043e690,asacglobal.in,5.0
INFOLOGY,c6773c98-4af8-4d23-8f4e-d23b58dfe2a7,wmuindia.com,5.0
Pacific Organics Pvt Limited,f0b488f0-ca16-44e7-a9f7-499ecf66bc5b,pacificorgpvt.onmicrosoft.com,5.0
GemLab Laboratories,7d38bacf-3be2-43c7-b5a2-644231df4faf,gemlab.co.in,5.0
SKADE MINERALS LLP,55865f7b-407d-4218-9b1c-3eb75610ee16,skade.in,5.0
Royalux Lighting Pvt. Ltd.,bc490d76-8678-4e7d-8d93-992bd7210540,dhoa.com,5.0
MACHINT SOLUTIONS PRIVATE LIMITED,b0bfbdd8-789b-4de3-9c5a-6eae59221af5,machint.com,5.0
TRDFIN Support Services Private Limited,a04fb57c-0b55-4078-a9e7-e5956296acae,reliancecapitalusa.com,5.0
StemTraining,4b07d103-d00d-4685-9945-9d05d86a2b44,stemtraining.com,5.0
MINDFULL NUTRITION LLP,7bd5da5b-d20b-4eb1-b373-a726bf13ae05,mindfullnutrition.in,5.0
TRDFIN Support Services Private Limited,33805c0f-c981-46ad-b0fc-90b761514f7e,metacapitalusa.com,5.0
ALPHASTREET INDIA PRIVATE LIMITED,6d0307db-c481-425d-b4bd-b13fbca212da,ALPHASTREET.INFO,5.0
Kalloor Electronics and Lighting Pvt Ltd,48fb947f-4844-4f9f-b0af-6d4c394838a1,kell.co.in,5.0
AV Advisors,36801c84-06a9-443b-879b-beb1437d5434,avadvisors.co.in,5.0
    Jupiter  Lifeline Hospital Ltd,b0e0b885-4ecd-4b44-a47c-2fb061d9ea7f,jupiterhospitalsltd.onmicrosoft.com,4.0
Jaya Sharma and Associates,87fc6109-4599-4e03-a0af-e908b21fa84f,jsinghaniaco.in,4.0
Consummate Taxation,f75a7594-4f28-4001-b499-13142f879382,consummatetaxation.com,4.0
Henceworth Technologies Private Limited,0052d4df-9e92-4ca5-9fe8-f0bdf1e90c39,henceworthtechnologies.com,4.0
DegreeMinusOne,afcd8581-f9ca-4776-a214-593479158114,degreeminusone.com,4.0
Ultraa Pack Industires Pvt Ltd,94e5a715-b28e-4a2e-ae16-865ca9f55a52,ultraapack.com,4.0
Mulherkar,2d61d285-d94b-48fb-b8f6-21a0ccd66f66,mulherkar.com,4.0
Tritainer,bd6433c6-78b8-45d2-8f48-aeb9c6ffc1b7,tritainer.com,4.0
EWA Healthcare Solutions Private Limited,87f57a0c-ab05-4607-ac09-e1b35e89955d,ewahealthcare.in,4.0
AR Toys & Techniks India Private Limited,45a70c34-b7c9-49c7-83fc-b52858137b38,arttipl.com,4.0
HueBright Colors Pvt. Ltd.,01521b02-e3c7-451f-b917-01afbfe225ed,huebrightcolors.com,4.0
Bellala and Raghavendra,52b94fc6-dcea-4ff4-bc93-1ed6ff97034b,brglobal.in,4.0
TRDFIN Support Services Private Limited,d1919d88-8c01-46ff-9279-64f26509bcd6,"",4.0
EULOGICA SERVICES INDIA PRIVATE LIMITED,266ebd7a-e2f2-4a11-93a2-6afe10100beb,eulogicaservicesipl.onmicrosoft.com,4.0
Scignyte Private Limited,ba38fad3-9ef6-4ce0-9f32-b743f35ba77c,scignyte.com,4.0
Datastreet Solutions Pvt Ltd,b07b96e3-3ff4-4eb6-9cd5-aaf126e67ea8,datastreetsolutions.com,4.0
AKLR & Co LLP,f8cdb7da-0f45-4edc-a078-1e450a9e61d2,aklrca.com,4.0
North Star Trade Links Private Limited,b753339e-39a0-40be-9591-7632cf597299,nstlinks.com,4.0
Pixel Stamps,ed06b59f-1dd7-4fd3-8feb-dc16e148ff63,pixelstamps.com,3.0
Flink Group,ddb639f2-c92b-4d0f-abf8-0d311081ab4a,flinkgroupe.com,3.0
Develoscope Software Solutions Private Limited,b3680f0a-f6ad-4014-befa-b881d573c92d,develoscope.in,3.0
RAV Industries,a0c1b489-1e25-49a7-871a-8ef252117fe8,ravindustries.com,3.0
RELIANCE RASAYAN PVT LTD,d5e1746d-5f2e-4141-b365-f90e1325e258,rrplpharma.com,3.0
eSwiftSoftware Pvt Ltd,ceeef19e-90a0-4293-9b43-8bf2e55a178e,benchstep.com,3.0
A. C. Steel,b66698c1-e15c-4f83-927d-1c9b89060a04,acsteel.co.in,3.0
NEOBIZZ ADVISORS LLP,92f87336-90e2-4fc3-bd5d-fa577cdf663a,neobizzadvisors.com,3.0
Raman Solutions,9205680a-8883-4fdf-a531-31301eb8fadd,ramansolutions.com,3.0
BIOMED HEALTHTECH PRIVATE LIMITED,c1fcb020-fa98-4c68-b4fb-61702ebc88fc,biomedhealthtec.onmicrosoft.com,3.0
I&C TAX SOLUTIONS.,8147bfaa-3b6a-449c-8cc1-c4a0df91e7f1,iandctaxsolutions.com,3.0
Konark Solartech Solutions,3de11776-8388-4841-9ef6-440fb6da995f,konarksolartech.com,3.0
Biba Apparels Pvt Ltd,2304b266-8fea-47d5-b923-c34055290745,bibaapparels.onmicrosoft.com,3.0
OnezeroOne Technologies (OPC) Private limited,43cf840d-aa65-47a5-a37a-ffc5a5e55ea7,onezeroonetech.com,3.0
TRDFIN Support Services Private Limited,944aacb7-542b-4b10-8cd2-5dd1099a8db9,wldtrd.com,3.0
Constellor,17da17a1-e747-43bf-9082-cf4bcd3dae46,constellor.onmicrosoft.com,3.0
Helius Computech India Pvt Ltd,31b4bc66-c12e-42d8-86e8-c18bfffdb2d9,helius-tech.com,3.0
Tranquil Web Solutions,ec34e25a-adf0-46be-9262-021949e07b27,tranquilcrm.com,3.0
Rivarclubs,d379545a-b8a6-4b85-bd84-81cda1fb4ab2,rivarclubs.com,3.0
NITALAKSHAYA AGRI LLP,7c1644e6-7be5-46b5-b6c1-38e32c01bd84,nitalakshayaagri.in,3.0
Techsol Systems India Private Limited,3ca8ff7d-acda-4f42-b8d5-a4f587df7101,techsollabs.info,3.0
Secutech Automation India Pvt Ltd,3a17abf0-ffa9-4307-9e97-cf34e83b702e,secutechautomation.com,3.0
Semnox Solutions Private Limited,c5394d23-4adf-4ef3-b5b1-8aba00661d70,semnox.com,3.0
Contetra Private Limited,630f69a0-d406-4e2e-a60c-16f612439c68,contetra.com,3.0
Smart Building Engineering,c136cbfe-3e24-4d55-b0b8-d95a9682cf2c,smartbuildingengineering.com,3.0
Spell Consultancy Services,8bf8dceb-edd1-4198-9610-8a209fe7302f,spellconsultancyservices.com,3.0
Rivarzevs,00a8660c-137f-4c0e-ac9c-e70d7981ea51,rivarzevs.com,3.0
Brio demo for E1 promo,8a4bcfb7-96f0-45e5-a8f4-079121f7e4ba,pocM365.pilotgapps.com,3.0
Farmgirls Farms,0a82cff8-a241-4534-99c8-da6e5b9eb7a3,farmgirlsfarming.com,3.0
Aspire Scientific,78f4bc47-b12d-4848-830a-ad7204e74224,aspirescientific.in,3.0
Seertree Global Services Pvt. Ltd.,d6a54750-2e86-4d95-8dce-6624db1fe568,seertree.com,3.0
Flink Analytics & Insights Pvt. Ltd.,2753c366-f28b-473d-8edb-8bfa38122738,flinkanalytics.com,2.0
VISHESH COUNTRY CACHE PRIVATE LIMITED,d78f86e8-c248-48e8-81bd-5f1e140d71ab,visheshcountrycache.com,2.0
Axis Shipping ,3fc8774e-e815-4c6d-ad2f-b46c6f24c65a,axisship.com.sg,2.0
Lane Global Logistics,d722dea1-5785-4fc8-9854-2539361fb221,lanegloballogistics.com,2.0
RT Consulting,ad98f241-6082-4125-a770-8014f1ca64ab,rtconsulting.in,2.0
SRIT INDIA PRIVATE LIMITED,b84b0a45-88c4-4da1-92cf-efb84298395a,srithealthcare.com,2.0
Afferent Technologies Private Limited,fbac34dd-0d93-4be5-aa1f-c05198da2c0a,afferentech.onmicrosoft.com,2.0
Asset Online Pvt Limited,70e2d0ae-cdf3-49d1-bd4f-9f515ea121f4,aopl.info,2.0
Pangean Global Services Private Limited,271b98c6-9f63-4efe-acd4-09a10eafe61f,chitmonks.com,2.0
Go Digital Path,9eb99353-b469-4b4e-833a-f074cd8a7fbc,godigitalpath.com,2.0
LABNEEDS,95c0f21f-26ec-4792-9cdc-4ae1289393a7,labneeds.co,2.0
Bajaj Cement Prop.,65c4a050-f285-4e1c-94dc-0f1176858fdd,Bajajfarms.com,2.0
Integrated Geo Instruments & Services (P) Ltd.,fca86f3b-9e51-4232-bb30-85b70154595c,igisindia.com,2.0
Clustrhub Computing India Pvt. Ltd,d35dc3ea-d9f7-4a05-a3f2-453f5e6a7e29,clustrhub.com,2.0
AMN Lifescience Pvt Ltd,a3a5d917-12bb-4d32-98ee-2ed650152c31,amnlife.com,2.0
ACPL FINVEST PRIVATE LIMITED,4d0499c3-e6e9-4273-98c1-50d38ee79c58,acplfinvest.com,2.0
EQUENTIA SCF TECHNOLOGIES PVT LTD ,2a7748a4-0c45-41df-bac4-eacf60315381,credable.in,2.0
Vapour Desal Technologies Private Limited,d94d152b-6af8-401e-a88b-1c8a94982622,vapourdesal.com,2.0
DeDote,e62052b5-a8c9-4735-8cd8-a80cc9bb2d4c,sgitrading.co,2.0
RAO AND PRADEEP,d52d9d41-cc63-40fd-876f-c60c6715f8d5,RPCA.PRO,2.0
OneZeroOne Technologies (OPC) Pvt Ltd,4c4c0a03-25fb-41e7-8a5f-985b19773675,"",2.0
Nutridose,382f2d38-e8ca-4a7c-b092-482bb40b8d12,nutridose.ae,2.0
INFINITE IDEAS INTERIORS,32f9d909-6b93-493e-ad0c-de0cddeab84c,iiistudio.in,2.0
Mindlogicx Infratec Limited,7c6cb87f-5823-4f6d-8042-b3b51d52b63f,mindlogicx.com,2.0
High Wall Home Decor LLP,f786b90f-bdb3-4f0f-9690-7a31491dae66,thehighwall.com,2.0
Radiant Technologies,a6a0ac69-3335-4df8-ad82-eb38285a6ed6,radiantechguy.com,2.0
JANANI TOURS AND RESORTS,a741942a-0a84-4e99-baf2-108e34c43103,jananitours.in,2.0
AforBusiness,28ca10c1-2f7f-4932-b5a2-220987cb3cc8,aforbusiness.com,2.0
Abcedo Technologies Private Limited,83c4ede7-0e20-46fd-bfbb-c7e0c5b3ebdc,brandseye.net,2.0
AIWT Development Society,cc9cdc8f-d168-4378-890f-d8a03815ce04,aiwtds.in,2.0
Social Welfare Department,cba2e53b-fb59-4286-a295-0fc1ba3e1439,Socialwelfaredept.onmicrosoft.com,2.0
Brainbox Communications,14236283-f52f-4940-a475-324eb8ed4cf9,makealight.net,2.0
Epixel Web,4166362b-3eaa-4bf6-af5b-9456b0992c3a,thewriterist.com,2.0
Blupace India Pvt Ltd,4e7e35b0-ec14-4957-b781-08c7084686ed,blupace.net,2.0
Nova Aurora Blockchain Technologies Private Limited,35a9e78c-acd1-458d-837d-529025c0c4ac,nabtech.in,2.0
TRDFIN Support Services Private Limited,9898a464-f56b-4f5b-88bd-ebafddcace64,x-chaincapital.com,2.0
Bobton IT Solutions Pvt Ltd,564aaa7f-cc67-47d3-9de7-a2d4be751cf1,bobtonits.com,2.0
3S Engineering Solutions,bb5d502d-4afc-4269-ae8a-3a0535435c64,three-ess.com,2.0
Radioactive Technologies,0b5ccbdf-21d8-47a0-9935-d790f2df4597,weradioactive.com,2.0
Brio Technologies Pvt Ltd,a283c257-9b2b-432c-a382-127ad270b2a5,pocbrio.onmicrosoft.com,2.0
Jobin Mathew,e59ab4a4-92f4-49af-adfb-1a7015b56d5a,bmojo.onmicrosoft.com,2.0
Swalava Enterprises Private Limited,13f14fd2-a695-46c6-8d93-02559c0301de,swalava.com,2.0
D N Dokania & Associates,b61eea6a-00a0-4d77-aaa8-c34b1c7b636f,dndokaniaind.onmicrosoft.com,2.0
Go Digital Path,45fc4457-a5c8-4442-81e8-7df89a49648f,restofin.com,2.0
TRDFIN Support Services Private Limited,0b7a0e33-a363-41a0-931a-2fe341755b76,euroeximbank-gta.com,2.0
TRDFIN Support Services Private Limited,b7074539-f392-47c7-abae-af989427bc50,wldtrd.in,2.0
Karneet Enterprises (India) Pvt Ltd,d362bd1e-1ebf-4cd0-aace-960f9f078fed,mallinathgroupind.onmicrosoft.com,2.0
SOC Experts,9b3d83d3-3c99-4320-b810-ea46a4f68c7d,socexperts.com,2.0
ASTER CORPORATION,10a58c8d-4a71-4453-8302-9a02e6e40d5e,aster-corporation.com,2.0
MedallionX Website Developers,a875ef46-6d21-4830-99c5-6dd0c62527ae,digiconstructions.com,2.0
GIBES.CO.IN,828c2d3d-6eed-4b82-8a62-7f4f163fadc7,gibes.co.in,1.0
2b Sourcing,1c29d8d2-9e30-4370-9230-712702bb40da,2bsourcing.com,1.0
Gourmethub,ca4ed649-0f9d-4fe5-b6ac-b46e5715c9ae,gourmethub.ae,1.0
KRGB BUSINESS SOLUTIONS PRIVATE LIMITED,b2253681-5e15-4a64-964f-f52173e0d15b,mykhataexpert.onmicrosoft.com,1.0
Dyota Dance Arena,c2c536b2-1caa-4432-921f-47c299053ea9,dyotadancearena.com,1.0
ASSURGEN PHARMA PRIVATE LIMITED,32f2b859-25ab-4a2c-8842-c7532f7a894c,assurgenpharma.com,1.0
SRV Consultancy & Manpower Agency,4dcc125d-8f3c-46ef-8dc1-56623a8016a9,srvmanpower.com,1.0
WebX Integrated Marketing Solutions,f04f32f0-d636-4bc7-a5b6-bfa4899ff28f,webximc.com,1.0
Red Mars Hotel and Resorts Pvt. Ltd,f7b191b9-5a31-4515-a2c4-8674dc907cda,theredsale.com,1.0
SIDDHARTH CARBOCHEM PRODUCTS LTD,ed8a7bb6-9cec-463a-a298-dbb36939a104,scpl.biz,1.0
Jobs Xpert,6bf5d35b-aa9c-4dfd-bc9c-d8ed9f513605,jobsxpert.co.in,1.0
AYATAS SOFTWARE SOLUTIONS INDIA PVT. LTD.,bef1ea35-5b60-4737-bbd7-c441a4bd5e50,rameshkuppili.com,1.0
Maxdatsys Technologies,2c5bf736-cc61-4fe5-86cc-0fee695d3ff2,maxdatsys.com,1.0
Mount Meru India Private Limited,159bae8b-5ebc-47ed-bdf8-3509ce62cf37,africafleetconsultant.com,1.0
Sequel Logistics Pvt Ltd,8f0eec4c-76b6-4829-a110-e55e181958c5,sequelindia.onmicrosoft.com,1.0
JYOLA FARMS,84293b30-31f3-43fd-a07c-19d9b949dfb9,jyola.com,1.0
CEN Technologies Pvt Ltd,b3634bde-3fb2-49bd-beed-1db4fa700bd8,centechglobal.onmicrosoft.com,1.0
Value Relay Private Limited,d80f4856-6e03-4334-80c1-d05526f728f6,VALUERELAY.COM,1.0
INSTELLARS GLOBAL CONSULTING PRIVATE LIMITED,4eae420e-e651-4558-a7d1-7812c979c3cf,instellars.com,1.0
TEAM,a7160799-2667-4dc3-b029-97b1e0937c14,drraoholdings.com,1.0
Suns Legal,7c550164-36e1-4bca-b813-bc407bde230a,sunslegal.com,1.0
Techfour Engineering Solutions Private Limited,1608de55-e776-4f83-937c-107caa6d0845,techfoursolutions.com,1.0
Forum Malls,fdbb81fc-d2c0-4289-8998-3b9ebe907e94,forummalls.in,1.0
Ansh Intertrade Pvt. Ltd,f07487d7-3832-4a02-a333-87d56ac87f41,shantranslation.com,1.0
DTDC Express Private Limited,e2ad62bd-35b5-4ac4-9eef-7dd30665c465,dtdc.com,1.0
PrimeSoft IP Solutions Private Limited,0148b4df-af8b-4bf9-bc06-c0797f566c7c,primesoftnet.onmicrosoft.com,1.0
Oriens Global Marketing Pvt. Ltd.,a05b3095-cecf-4eed-ad85-873e47523873,oriensworld.onmicrosoft.com,1.0
Ashwathh Partners,2ea0eb43-1796-4b1b-b054-a60c8c4a707e,ashwathhlegal.com,1.0
R.S.G. HERBAL HOUSE,4733674e-16b1-4dc3-8933-6f370995acb7,rsghh.com,1.0
Infusion Solutions,edb4fb64-2884-4ce0-960e-df9dc5e0bf71,infsols.com,1.0
Mitts Trays - Emails,d6e886c6-1410-47bb-b3d9-5d686b542ae1,mittsandtrays.ae,1.0
KANSAS OVERSEAS CAREERS PVT LTD,88f12b0f-fed8-4e5a-a0fd-49e7e7ea229b,kodersnkreators.com,1.0
Med Clad,4baeaf7c-90ad-41df-a988-47770f4228f2,medclad.com,1.0
Pinnacle Technology,b77d33a4-3bd0-4a3e-a856-a880f70bb7c1,pinnacle-technology.com,1.0
Atec Pool,c1f661c6-cae5-476b-b8cd-346379a2f904,atecpoolme.com,1.0
MERADAWAI PRIVATE LIMITED,94928a76-25dd-4e35-b0c4-de6291f896c3,pharmallama.com,1.0
vestrosolvents.com,eab53dd5-a8e0-44ab-947b-4699324f7d2d,vestrosolvents.com,1.0
Transacdesk,5b92f477-d66e-45b1-a83c-191ffe748b97,transacdesk.com,1.0
Pradeep Computers,4b5ec0df-bbcd-4074-bc6e-0b6a24317f75,mjyindustries.in,1.0
Aptaide Solutions LLP,3c995ad7-0550-4196-9126-86bac9ba7357,aptaide.in,1.0
Elemec Industries,d5f43864-1431-4c6d-9083-65614e8ea518,elemecind.com,1.0
HueBright Colors and Inks Pvt. Ltd.,24c918ac-8028-41db-bf73-da6bb388cc67,huebrightgroup.com,1.0
Indus Novateur Softech Private Limited,4aaf3dfd-50b4-44b1-8981-f5ba9bcf5ffd,indusnovateur2.onmicrosoft.com,1.0
GCI,807fe524-f628-4346-8953-3c16c3dfea0c,gcitech.com,1.0
RIGA FOODS LLP,7907c17a-c5bd-42cf-b3d8-73fdd253bccf,divacasa.in,1.0
Positive Moves India Consulting Pvt Ltd,f462578e-ee7d-469f-994b-e9b811ff8314,positivemoves.com,1.0
Sapien Biosciences Private Limited,c6966b0c-e75b-4c30-8a83-faf9d6d4e276,sapienbio.co.in,1.0
ASCHER JEWELS PRIVATE LIMITED,22aa78b5-bcc3-42ee-8544-1e1a890b8387,ascherjewels.onmicrosoft.com,1.0
Onsite Batteries,b35cedb9-41d4-4cac-9409-c625d8f5a734,onsitebatteries.onmicrosoft.com,1.0
GREATINDIA MEDIA AND ENTERTAINMENT PRIVATE LIMITED,f4f8cbc1-08f0-4e6e-8c62-54e8393a5768,greatindiamedia.com,1.0
Q One Services,be733096-f969-4ba5-84a7-c3fd644715f8,upmyskill.in,1.0
 Proov Identity Services Pvt. Ltd,bbfc0353-022b-463b-8001-8371a775273e,carefits.ai,1.0
PRIMEFACT LABS PRIVATE LIMITED,82bd1f7d-0b80-4857-b29b-4561427cf8b7,primefactlabs.com,1.0
Fernandez Foundation,431e64a5-db10-4aee-99f5-6174bb9d35a1,fernanfoundation.onmicrosoft.com,1.0
Merabt Technologies Pvt Ltd,d6b4ebff-bfcc-439b-a128-09bc06cacd8e,vroyalwater.com,1.0
nStore Technologies Pvt. Ltd,8a4d9734-a237-4691-b51b-1bc86f023676,nlincs.in,1.0
Anxilla,b058d3be-6f6a-406c-bab2-bdf9aff6eeb5,anxilla.com,1.0
Bitejoy foods,a6a27f6a-1e15-4012-b209-9069222fa37d,bitejoyfoods.com,1.0
Nablasol Digital Services Pvt. Ltd,f75fd5f6-a53e-4609-9f4f-7c136f2e5192,nablasolind.onmicrosoft.com,1.0
GOIND FINANCE LIMITED,6ef4b9da-678c-4d17-8772-6e7d074f58cd,goind.co.in,1.0
Nagaraja Narayanappa,ec3e5227-4517-4eb4-a9be-09e4bafa8613,NagarajaNarayanappa.onmicrosoft.com,1.0
Mercury Management And Technical Services Private Limited,e84dfb41-c606-4275-b8ad-c5655674e342,mmtsgroup.in,1.0
HDBRTS Co Ltd.,0270ab18-9588-47d7-bef3-ca003411caa1,hdbrtsCO.onmicrosoft.com,1.0
Saanvi FashionS,4f7b72b8-868a-4ee7-b915-324bade01ab2,saanvifashions.onmicrosoft.com,1.0
A & A International,6f1bd7cd-9c0e-4965-9e45-6db3f2815bda,anainternational.in,1.0
Retrofitting & Repair Consulting Services Pvt Ltd,e9d6cd42-0185-46d5-8ec3-6f371b39a17f,renrec.onmicrosoft.com,1.0
NS Polyglobe,06298ea5-52cf-42e1-affe-963be432f36f,nspolyglobe.com,1.0
Cyberozone Consulting,af7cc7ef-f323-48c6-9c42-c31ccfc7b159,cyberozone.com,1.0
Technix Serv IT solutions,18350820-8110-4bb0-a673-b631f3aab2d8,technixhosting.com,1.0
Innobox Systems Pvt Ltd,4c5cd926-edcd-4088-bb18-e6a4c89660fb,innobox.com,1.0
BLUE PANDA LABS,213e718a-d1fa-4175-bf6e-6eecd69067d9,bluepandalabs.co,1.0
Avniro Technologies PTE LTD,e4e0f1de-d9b6-4dc3-9f95-f94d4489ab33,avniro.com,1.0
Pradeep Computers,98bca36d-c231-45ae-a2f8-b094910d15e7,sethielectricalautomation.com,1.0
integraautomation.net,bce1e966-3f92-40fd-9c5a-ab79d599547b,integraautomation.net,1.0
